region_cn,region_en,code,parent,total_yi,share_pct,new_yi,new_general_yi,new_special_yi,refi_yi,refi_general_yi,refi_special_yi,refi_share_pct,avg_rate_pct,avg_tenor_yr,bond_count
江苏省,Jiangsu,JS,,7206.69,7.36,2579.0,214.0,2365.0,4627.69,711.97,3915.72,64.2,2.226,13.97,39
山东省,Shandong,SD,,6490.01,6.63,3431.57,109.57,3322.0,3058.44,638.48,2419.96,47.1,2.403,18.62,84
广东省,Guangdong,GD,,5834.15,5.96,4621.26,287.25,4334.01,1212.89,488.96,723.93,20.8,2.394,14.31,98
四川省,Sichuan,SC,,5079.23,5.19,2530.98,373.95,2157.03,2548.25,687.74,1860.51,50.2,2.341,16.88,68
浙江省,Zhejiang,ZJ,,4759.49,4.86,3089.0,279.0,2810.0,1670.49,375.87,1294.62,35.1,2.298,15.66,67
河南省,Henan,HA,,4749.15,4.85,2231.09,324.07,1907.02,2518.06,420.26,2097.8,53.0,2.303,15.35,91
湖南省,Hunan,HN,,4252.76,4.34,1709.68,285.68,1424.0,2543.08,738.39,1804.69,59.8,2.261,13.5,61
湖北省,Hubei,HB,,4132.45,4.22,2020.28,359.28,1661.0,2112.17,387.92,1724.25,51.1,2.246,13.98,96
安徽省,Anhui,AH,,4093.37,4.18,1821.58,127.58,1694.0,2271.79,227.77,2044.02,55.5,2.251,12.98,79
天津市,Tianjin,TJ,,3815.85,3.9,1035.03,352.03,683.0,2780.82,630.37,2150.45,72.9,2.229,12.04,103
贵州省,Guizhou,GZ,,3570.59,3.65,682.07,127.94,554.13,2888.52,1133.61,1754.91,80.9,2.362,14.46,46
江西省,Jiangxi,JX,,3419.64,3.49,1808.13,257.14,1550.99,1611.51,378.03,1233.48,47.1,2.379,16.65,81
河北省,Hebei,HE,,3322.42,3.39,2009.0,460.0,1549.0,1313.42,413.24,900.18,39.5,2.377,15.51,71
重庆市,Chongqing,CQ,,3318.79,3.39,1313.26,108.25,1205.01,2005.53,390.53,1615.0,60.4,2.235,13.73,51
云南省,Yunnan,YN,,3036.99,3.1,1016.4,185.4,831.0,2020.59,711.99,1308.6,66.5,2.246,13.41,41
福建省,Fujian,FJ,,2842.67,2.9,1536.01,115.0,1421.01,1306.66,338.24,968.42,46.0,2.297,14.11,47
北京市,Beijing,BJ,,2642.03,2.7,1216.0,168.0,1048.0,1426.03,393.51,1032.52,54.0,2.017,6.43,88
新疆维吾尔自治区,Xinjiang,XJ,,2341.23,2.39,1786.95,277.95,1509.0,554.28,182.45,371.83,23.7,2.242,10.62,66
陕西省,Shaanxi,SN,,2336.38,2.39,1135.34,281.34,854.0,1201.04,349.38,851.66,51.4,2.31,13.93,44
广西壮族自治区,Guangxi,GX,,2266.04,2.31,1053.56,252.36,801.2,1212.48,313.9,898.58,53.5,2.371,16.62,40
内蒙古自治区,Inner Mongolia,NM,,1862.61,1.9,490.13,245.13,245.0,1372.48,753.68,618.8,73.7,2.324,11.36,33
辽宁省,Liaoning,LN,,1820.19,1.86,283.0,80.0,203.0,1537.19,681.22,855.97,84.5,2.35,18.29,33
山西省,Shanxi,SX,,1700.87,1.74,831.18,222.19,608.99,869.69,303.2,566.49,51.1,2.282,13.05,55
吉林省,Jilin,JL,,1633.55,1.67,739.5,202.5,537.0,894.05,208.21,685.84,54.7,2.266,15.3,53
黑龙江省,Heilongjiang,HL,,1607.52,1.64,670.01,324.99,345.02,937.51,218.34,719.17,58.3,2.278,16.04,42
甘肃省,Gansu,GS,,1479.57,1.51,770.51,164.5,606.01,709.06,179.52,529.54,47.9,2.168,10.83,36
上海市,Shanghai,SH,,1354.0,1.38,597.0,217.0,380.0,757.0,431.8,325.2,55.9,2.158,9.79,32
海南省,Hainan,HI,,1292.94,1.32,752.85,123.86,628.99,540.09,208.14,331.95,41.8,2.305,14.91,61
深圳市,Shenzhen,SZ,GD,978.59,1.0,760.01,9.0,751.01,218.58,72.13,146.45,22.3,2.273,15.01,93
青岛市,Qingdao,QD,SD,973.81,0.99,638.0,57.0,581.0,335.81,99.41,236.4,34.5,2.408,15.4,69
宁波市,Ningbo,NB,ZJ,879.14,0.9,478.0,9.0,469.0,401.14,94.77,306.37,45.6,2.319,16.66,28
厦门市,Xiamen,XM,FJ,647.34,0.66,463.0,19.0,444.0,184.34,22.66,161.68,28.5,2.492,19.99,49
西藏自治区,Tibet,XZ,,584.94,0.6,403.0,50.0,353.0,181.94,34.99,146.95,31.1,2.203,14.62,22
青海省,Qinghai,QH,,474.62,0.48,193.87,149.87,44.0,280.75,194.37,86.38,59.2,2.198,9.42,14
大连市,Dalian,DL,LN,472.69,0.48,184.0,17.0,167.0,288.69,103.52,185.17,61.1,2.342,14.46,22
宁夏回族自治区,Ningxia,NX,,461.1,0.47,122.35,88.35,34.0,338.75,140.03,198.72,73.5,2.164,10.2,25
新疆生产建设兵团,Xinjiang Corps,XPCC,,202.64,0.21,191.0,80.0,111.0,11.64,11.14,0.5,5.7,2.309,13.03,14
