region,code,year,year_complete,quota_total,issue_new_total,execution_pct,issue_refi_total,bal_total,debt_to_gdp_pct,quota_general,quota_special,issue_new_general,issue_new_special,issue_refi_general,issue_refi_special,issue_general,issue_special,repay_general,repay_special,interest_general,interest_special,limit_general,limit_special,bal_general,bal_special,gdp,budget_rev,budget_exp,fund_rev,fund_exp,retail,trade
上海市,31,2015,True,206.0,206.0,100.0,,4881.0,19.4,173.0,33.0,173.0,33.0,0.0,0.0,801.0,411.0,21.0,0.0,14.4,0.0,3267.9,2750.6,2723.0,2158.0,25123.45,5519.5,6191.5601,2312.25,2184.89,10131.5,4492.4072
云南省,53,2015,True,209.0,209.0,100.0,,6229.0,45.7,173.0,36.0,173.0,36.0,0.0,0.0,1001.4,566.0,72.0,0.0,23.0051,0.0,4559.8,2068.3,4243.0,1986.0,13619.17,1808.15,4712.8264,402.17,446.52,5103.2,244.9128
内蒙古自治区,15,2015,True,,198.0,,,5455.219999999999,30.6,0.0,0.0,163.0,35.0,0.0,0.0,1237.76,238.74,60.0,0.0,14.83,0.0,4667.9,1007.6,4534.82,920.4,17831.5088,1964.48,4252.9613,250.08,435.41,6107.7,127.3115
北京市,11,2015,True,172.0,172.0,100.0,,5730.0,24.9,142.0,30.0,142.0,30.0,0.0,0.0,734.23,443.77,51.0,0.0,11.83,0.0,1495.3,5194.1,1325.0,4405.0,23014.59,4723.86,5737.7011,2028.37,2281.3,10338.0,3194.4057
厦门市,3502,2015,True,,26.0,,,377.0,,0.0,0.0,21.0,5.0,0.0,0.0,43.77,46.23,8.0,0.0,1.76,0.0,254.4,210.6,174.0,203.0,,606.1,651.1705,360.21,305.55,,
吉林省,22,2015,True,,182.0,,,2752.0,19.6,0.0,0.0,152.0,30.0,0.0,0.0,549.5376,215.4624,59.0,0.0,15.4192,0.0,2050.0,968.7,1908.0,844.0,14063.13,1229.35,3217.0995,367.15,442.67,6651.9,188.7739
四川省,51,2015,True,323.0,323.0,100.0,,7465.0,24.8,263.0,60.0,263.0,60.0,0.0,0.0,1230.0,560.0,121.0,0.0,24.79,0.0,4702.9,3105.1,4526.0,2939.0,30053.1,3355.44,7497.5105,1761.13,1798.14,13877.7,511.8856
大连市,2102,2015,True,,23.0,,,1936.1999999999998,,0.0,0.0,20.0,3.0,0.0,0.0,165.39,112.63,13.0,0.0,2.87,0.0,1321.1,770.0,1264.8,671.4,,579.91,910.6922,162.43,162.76,,
天津市,12,2015,True,93.0,93.0,100.0,,2254.0,13.6,79.0,14.0,79.0,14.0,0.0,0.0,318.0,247.0,23.0,0.0,7.0,0.0,798.2,1793.3,640.0,1614.0,16538.19,2667.11,3232.3507,729.57,708.45,5257.3,1142.828
宁夏回族自治区,64,2015,True,82.0,82.0,100.0,,1055.0,36.2,69.0,13.0,69.0,13.0,0.0,0.0,218.91,70.09,24.0,0.0,6.39,0.0,885.4,253.5,812.0,243.0,2911.77,373.45,1138.4858,147.23,175.38,789.6,37.3926
宁波市,3302,2015,True,27.0,27.0,100.0,,1504.0,,24.0,3.0,24.0,3.0,0.0,0.0,353.66,199.34,15.0,0.0,3.28,0.0,1161.1,701.9,930.0,574.0,,1006.41,1252.6362,301.41,331.14,,
安徽省,34,2015,True,285.0,275.0,96.5,,5089.0,23.1,233.0,52.0,275.0,0.0,0.0,0.0,1038.0,256.0,83.0,0.0,20.0,0.0,3417.6,2006.5,3251.0,1838.0,22005.63,2454.3,5239.0076,1725.83,1795.86,8908.0,478.4453
山东省,37,2015,True,238.0,238.0,100.0,,8136.0,12.9,200.0,38.0,200.0,38.0,0.0,0.0,1691.66,302.34,57.0,0.0,17.0253,0.0948,5442.8,3000.4,5279.0,2857.0,63002.3325,4523.0,7027.1449,2511.67,2646.2,27761.4,2406.078
山西省,14,2015,True,171.0,171.0,100.0,,2027.0,15.9,144.0,27.0,144.0,27.0,0.0,0.0,455.82,154.08,48.0,0.0,12.45,0.0,1588.0,534.8,1508.0,519.0,12766.49,1642.35,3422.9731,524.08,701.05,6033.7,146.8132
广东省,44,2015,True,333.0,333.0,100.0,,8037.0,11.0,275.0,58.0,275.0,58.0,0.0,0.0,1326.0,262.0,21.0,0.0,17.0,0.0,5561.7,3247.8,5111.0,2926.0,72812.55,6639.93,9306.1256,2593.11,2648.78,31517.6,10224.9568
广西壮族自治区,45,2015,True,178.0,178.0,100.0,,4042.0,24.1,146.0,32.0,146.0,32.0,0.0,0.0,890.0,32.0,52.0,0.0,12.9714,0.0,2545.6,1919.2,2279.0,1763.0,16803.12,1515.16,4065.5144,696.2,691.37,6348.1,510.9055
新疆生产建设兵团,66,2015,True,,,,,,,0.0,0.0,0.0,0.0,0.0,0.0,0.0,0.0,0.0,0.0,0.0,0.0,0.0,0.0,0.0,0.0,,83.31,1048.45,59.65,60.59,,
新疆维吾尔自治区,65,2015,True,178.0,178.0,100.0,,2633.0,28.2,150.0,28.0,150.0,28.0,0.0,0.0,580.0,113.0,54.0,0.0,12.71,0.0,2120.0,716.7,1948.0,685.0,9324.8,1330.85,3804.8687,333.04,362.99,2606.0,196.694
江苏省,32,2015,True,311.0,311.0,100.0,,10556.0,15.1,264.0,47.0,264.0,47.0,0.0,0.0,2230.6856,963.3144,82.0,0.0,22.1943,0.8947,6528.2,4426.1,6249.0,4307.0,70116.38,8028.59,9687.5754,4618.08,4638.96,25876.8,5455.6045
江西省,36,2015,True,,224.0,,,3738.0,22.4,0.0,0.0,188.0,36.0,0.0,0.0,942.0,36.0,65.0,0.0,18.73,0.0,2723.4,1181.8,2657.0,1081.0,16723.78,2165.74,4412.5491,1130.7,1176.5,5925.5,423.996
河北省,13,2015,True,235.0,235.0,100.0,,5330.0,17.9,193.0,42.0,193.0,42.0,0.0,0.0,1231.74,188.26,67.0,0.0,19.38,0.0,4493.6,1394.4,4080.0,1250.0,29806.11,2649.18,5632.1909,1377.47,1405.83,12990.7,515.1375
河南省,41,2015,True,,290.0,,,5456.0,14.7,0.0,0.0,239.0,51.0,0.0,0.0,1053.85,371.05,83.0,0.0,22.38,0.0,4425.2,1529.3,4025.0,1431.0,37002.16,3016.05,6799.3518,1435.09,1516.6,15740.4,737.8056
浙江省,33,2015,True,,222.0,,,6426.0,15.0,0.0,0.0,183.0,39.0,0.0,0.0,1404.85,838.75,20.0,0.0,17.36,0.0,3833.4,3492.0,3493.0,2933.0,42886.49,3803.53,5393.3408,2273.51,2252.68,19784.7,3467.8383
海南省,46,2015,True,98.0,63.0,64.3,,1398.0,37.8,81.0,17.0,55.0,8.0,0.0,0.0,164.75,58.25,28.0,0.0,7.16,0.0,1046.0,445.3,980.0,418.0,3702.76,627.7,1239.4322,321.55,332.94,1325.1,139.6697
深圳市,4403,2015,True,,,,,151.0,,0.0,0.0,0.0,0.0,0.0,0.0,0.0,0.0,7.0,0.0,4.5018,0.0,300.6,31.5,146.0,5.0,,2726.85,3521.6708,964.01,342.75,,
湖北省,42,2015,True,,260.0,,,4570.0,15.5,0.0,0.0,219.0,41.0,0.0,0.0,1149.66,333.34,77.0,0.0,21.9567,1.811,3138.3,1559.2,3018.0,1552.0,29550.1881,3005.53,6132.8414,1654.95,1777.35,14003.2,455.5258
湖南省,43,2015,True,,153.0,,,6152.0,21.3,0.0,0.0,153.0,0.0,0.0,0.0,1395.0,0.0,83.0,0.0,20.0691,0.0,4113.9,2666.4,3803.0,2349.0,28902.2139,2515.43,5728.7162,1172.95,1211.26,12024.0,293.018
甘肃省,62,2015,True,159.0,159.0,100.0,,1587.0,23.4,134.0,25.0,134.0,25.0,0.0,0.0,363.74,118.96,52.0,0.0,11.67,0.0,1062.3,647.2,1062.0,525.0,6790.3169,743.86,2958.3117,352.96,352.05,2907.2,79.5202
福建省,35,2015,True,173.0,173.0,100.0,,4215.0,16.2,147.0,26.0,147.0,26.0,0.0,0.0,530.66,728.34,44.0,0.0,10.67,0.0,1919.0,2667.3,1770.0,2445.0,25979.82,1938.14,3350.4073,944.35,1105.79,10505.9,1688.4593
西藏自治区,54,2015,True,26.4,,0.0,,78.0,7.6,23.4,3.0,0.0,0.0,0.0,0.0,0.0,0.0,5.0,0.0,1.0,0.0,111.3,3.0,78.0,0.0,1026.3911,137.13,1381.4638,38.7,43.35,408.5,9.1384
贵州省,52,2015,True,56.0,56.0,100.0,,8754.0,83.4,49.0,7.0,49.0,7.0,0.0,0.0,1456.1,893.9,52.0,0.0,14.4,0.0,5384.75,3750.84,5142.0,3612.0,10502.56,1503.38,3939.4985,661.86,651.8,3283.0,122.2142
辽宁省,21,2015,True,85.0,83.5,98.2,,6656.0,23.2,74.0,11.0,74.0,9.5,0.0,0.0,1543.68,57.82,45.0,0.0,12.65,0.0,5105.7,1941.9,4875.0,1781.0,28669.016,1547.48,3570.9134,746.84,823.78,12787.2,959.4713
重庆市,50,2015,True,162.0,162.0,100.0,,3380.0,21.5,137.0,25.0,137.0,25.0,0.0,0.0,656.29,167.71,46.0,0.0,11.99,0.0,2118.6,1293.8,2094.0,1286.0,15717.27,2154.83,3791.9973,1664.21,1753.16,6424.0,744.6685
陕西省,61,2015,True,220.0,220.0,100.0,,4909.0,27.2,181.0,39.0,181.0,39.0,0.0,0.0,700.01,559.99,61.0,0.0,16.16,0.0,2742.2,2322.6,2790.0,2119.0,18021.8609,2059.95,4376.0551,802.96,825.24,6578.1,304.985
青岛市,3702,2015,True,79.7,43.0,54.0,,924.0,,72.7,7.0,36.0,7.0,0.0,0.0,178.19,48.81,13.0,0.0,2.91,0.0,748.0,342.6,643.0,281.0,,1006.32,1222.8664,468.51,489.05,,
青海省,63,2015,True,151.0,151.0,100.0,,1235.0,51.1,127.0,24.0,127.0,24.0,0.0,0.0,295.0,33.0,40.0,0.0,10.5,0.0,1161.1,169.8,1084.0,151.0,2417.05,267.13,1515.1581,79.33,108.83,691.0,19.3447
黑龙江省,23,2015,True,363.0,192.0,52.9,,3066.0,20.3,328.0,35.0,157.0,35.0,0.0,0.0,726.98,65.02,62.0,0.0,14.33,0.0,2477.21,687.79,2399.0,667.0,15083.67,1165.88,4020.6554,305.99,396.22,7640.2,210.1203
上海市,31,2016,True,500.0,500.0,100.0,,4485.48,15.9,226.0,274.0,226.0,274.0,0.0,0.0,1033.0,1167.0,35.0,0.0,40.9,15.0,3493.9,3024.6,2410.28,2075.2,28178.65,6406.13,6918.9396,2295.0436,2687.4805,10946.6,28662.3064
云南省,53,2016,True,372.0,364.7,98.0,,6353.22,43.0,336.0,36.0,328.7,36.0,0.0,0.0,1435.3,630.4,136.0,0.0,54.3661,20.0583,4895.8,2104.3,4377.68,1975.54,14788.42,1812.2908,5018.8638,431.8979,433.3489,5722.9,1316.9123
内蒙古自治区,15,2016,True,287.0,286.5,99.8,,5677.360000000001,31.3,252.0,35.0,251.5,35.0,0.0,0.0,2181.64,320.64,86.0,0.0,60.85,9.09,4921.27,1041.23,4706.35,971.01,18128.1,2016.4334,4512.7075,263.3835,385.1121,6700.8,768.6794
北京市,11,2016,True,522.0,522.0,100.0,,3743.46,14.6,492.0,30.0,492.0,30.0,0.0,0.0,601.56,564.84,73.0,0.0,36.12,15.42,1987.3,5224.1,1727.57,2015.89,25669.13,5081.2595,6406.7682,1316.4674,1432.0896,11005.1,18649.0024
厦门市,3502,2016,True,73.0,73.0,100.0,,478.90999999999997,,24.0,49.0,24.0,49.0,0.0,0.0,174.86,174.28,11.0,0.0,3.0,1.65,278.4,259.6,235.5,243.41,,647.9366,758.6381,464.0631,461.2678,,
吉林省,22,2016,True,291.0,287.3623,98.7,,2896.08,19.6,261.0,30.0,257.3623,30.0,0.0,0.0,637.5876,272.5935,86.0,0.0,33.7733,9.5766,2318.78,990.92,2085.4,810.68,14776.8,1263.7765,3586.0902,392.751,454.615,7310.4,1217.622
四川省,51,2016,True,589.0,584.1,99.2,,7812.45,23.7,280.0,309.0,275.1,309.0,0.0,0.0,1624.01,1266.61,168.0,0.0,62.93,19.61,4982.9,3414.1,4650.16,3162.29,32934.54,3388.8519,8008.8868,1699.5887,1925.9948,15601.9,3261.4467
大连市,2102,2016,True,25.0,25.0,100.0,,1954.69,,22.0,3.0,22.0,3.0,0.0,0.0,267.64,156.3,16.0,0.0,8.19,4.03,1347.3,768.8,1288.97,665.72,,611.9041,870.2783,163.0153,168.6949,,
天津市,12,2016,True,364.0,364.0,100.0,,2912.74,16.3,350.0,14.0,350.0,14.0,0.0,0.0,663.0,1004.0,35.0,0.0,19.0,10.0,1153.2,1802.3,1117.75,1794.99,17885.39,2723.499,3699.4261,918.7961,697.1366,5635.8,6776.307
宁夏回族自治区,64,2016,True,102.0,100.8,98.8,,1171.37,37.0,89.0,13.0,87.8,13.0,0.0,0.0,264.48,102.18,37.0,0.0,13.14,2.47,974.4,266.5,916.73,254.64,3168.59,387.6576,1254.538,128.9304,150.3681,850.1,215.1746
宁波市,3302,2016,True,32.0,32.0,100.0,,1395.71,,29.0,3.0,29.0,3.0,0.0,0.0,312.1,170.21,19.0,0.0,15.75,7.44,1190.1,704.9,887.64,508.07,,1114.5409,1289.2601,774.6594,696.4412,,
安徽省,34,2016,True,470.0,459.0,97.7,,5319.22,21.8,255.0,215.0,244.0,215.0,0.0,0.0,957.0,730.0,133.0,0.0,53.0,9.0,3672.6,2221.5,3320.15,1999.07,24407.62,2672.792,5522.9501,2450.8759,2595.7906,10000.2,2936.0606
山东省,37,2016,True,592.0,589.4,99.6,,8493.83,12.5,266.0,326.0,263.4,326.0,0.0,0.0,2068.08,1797.32,31.0,0.0,73.9637,13.8775,5708.86,3326.34,5408.19,3085.64,68024.49,4760.1533,7402.362,2517.1876,2792.1688,30645.8,15476.5718
山西省,14,2016,True,264.0,262.6,99.5,,2290.9300000000003,17.6,159.0,105.0,157.6,105.0,0.0,0.0,566.7,220.9,70.0,0.0,26.84,5.31,1762.72,624.08,1730.43,560.5,13050.41,1556.9972,3428.8617,534.9057,645.1518,6480.5,1100.122
广东省,44,2016,True,638.0,632.0,99.1,,8402.83,10.4,329.0,309.0,323.0,309.0,0.0,0.0,1589.0,1911.0,35.0,0.0,65.0,14.0,5896.1402,3551.3598,5241.78,3161.05,80854.91,7253.8614,9235.0455,2903.5906,3049.308,34739.1,63100.5168
广西壮族自治区,45,2016,True,341.0,326.8,95.8,,4566.59,24.9,309.0,32.0,294.8,32.0,0.0,0.0,766.5717,672.9935,77.0,0.0,43.3965,1.2635,2854.6,1951.2,2673.19,1893.4,18317.64,1556.2677,4441.7035,804.8455,728.0335,7027.3,3152.4433
新疆生产建设兵团,66,2016,True,,,,,,,0.0,0.0,0.0,0.0,0.0,0.0,0.0,0.0,0.0,0.0,0.0,0.0,0.0,0.0,0.0,0.0,,106.48,935.01,46.25,46.54,,
新疆维吾尔自治区,65,2016,True,314.0,304.0,96.8,,2836.9300000000003,29.4,286.0,28.0,276.0,28.0,0.0,0.0,815.0,240.2,77.0,0.0,31.34,4.12,2406.0,744.7,2179.65,657.28,9649.7,1298.9518,4138.2495,334.216,355.3435,2825.9,1166.6674
江苏省,32,2016,True,873.7,873.7,100.0,,10915.349999999999,14.1,334.7,539.0,334.7,539.0,0.0,0.0,2328.922,2182.8264,45.0,0.0,95.1469,36.6697,6865.2,4965.1,6413.98,4501.37,77388.28,8121.2299,9981.9621,6047.8157,6203.1567,28707.1,33614.3161
江西省,36,2016,True,359.0,351.6,97.9,,3956.78,21.4,209.0,150.0,201.6,150.0,0.0,0.0,647.74,406.64,98.0,0.0,48.64,2.18,2935.61,1328.59,2781.9,1174.88,18499.0,2151.467,4617.4022,1159.857,1228.0005,6634.6,2638.4489
河北省,13,2016,True,538.0,536.77,99.8,,5691.299999999999,17.7,235.0,303.0,233.77,303.0,0.0,0.0,1518.05,802.71,101.0,0.0,59.84,7.38,4728.6,1697.4,4187.03,1504.27,32070.45,2849.8748,6049.529,1581.23,1739.0558,14364.7,3078.2342
河南省,41,2016,True,545.0,543.0,99.6,,5524.9400000000005,13.7,282.0,263.0,280.0,263.0,0.0,0.0,1295.19,608.7,122.0,0.0,56.53,13.58,4720.7,1778.8,3910.06,1614.88,40471.79,3153.476,7453.7436,1848.8974,1924.2337,17618.4,4713.8464
浙江省,33,2016,True,465.0,460.7,99.1,,6994.19,14.8,426.0,39.0,421.7,39.0,0.0,0.0,1900.7,1682.0,34.0,0.0,69.48,33.34,4259.4,3531.0,3925.99,3068.2,47251.36,4187.437,5684.9947,3155.4027,3059.5799,21970.8,22207.2467
海南省,46,2016,True,149.0,184.0,123.5,,1560.0,38.5,92.0,57.0,118.0,66.0,0.0,0.0,337.64,213.61,45.0,0.0,12.15,2.05,1138.0,502.3,1098.03,461.97,4053.2,637.5073,1376.4846,380.0245,431.9175,1453.7,749.431
深圳市,4403,2016,True,,,,,127.95,,0.0,0.0,0.0,0.0,0.0,0.0,0.0,0.0,11.0,0.0,4.3149,0.0,300.6,31.5,127.95,0.0,,3136.4923,4211.0429,966.3957,413.7502,,
湖北省,42,2016,True,556.0,556.0,100.0,,5103.67,15.6,256.0,300.0,256.0,300.0,0.0,0.0,1520.732,1123.268,111.0,0.0,56.8682,13.3663,3394.3,1859.2,3300.85,1802.82,32665.38,3102.0592,6422.9765,1906.5422,2003.6224,15649.2,2599.566
湖南省,43,2016,True,461.0,484.6,105.1,,6827.8,21.6,433.0,28.0,428.6,56.0,0.0,0.0,1932.0,1556.0,122.0,0.0,69.68,0.0,4550.53,2690.77,4460.47,2367.33,31551.37,2697.8835,6339.1637,1042.9395,1009.8564,13436.5,1740.5442
甘肃省,62,2016,True,250.0,236.0,94.4,,1779.1,24.7,225.0,25.0,211.0,25.0,0.0,0.0,409.24,257.41,76.0,0.0,23.59,4.12,1287.3,672.2,1258.03,521.07,7200.37,786.9669,3150.034,410.9982,383.132,3184.4,449.7259
福建省,35,2016,True,346.0,344.6,99.6,,4487.34,15.6,320.0,26.0,318.6,26.0,0.0,0.0,886.54,901.52,65.0,0.0,29.06,28.6,2239.0,2693.3,2092.16,2395.18,28810.58,2006.8958,3516.7662,1162.0044,1081.3192,11674.5,10345.4153
西藏自治区,54,2016,True,24.0,16.0,66.7,,57.86,5.0,21.0,3.0,13.0,3.0,0.0,0.0,13.0,3.0,6.0,0.0,1.0,0.0,132.3,6.0,54.86,3.0,1151.41,155.9861,1587.9748,50.7624,56.5463,459.4,51.6794
贵州省,52,2016,True,64.0,58.25,91.0,,8709.79,74.0,57.0,7.0,51.25,7.0,0.0,0.0,1599.16,990.52,77.0,0.0,64.19,31.19,5441.75,3757.84,5206.35,3503.44,11776.73,1561.3394,4262.3575,715.5419,762.4032,3709.0,375.6374
辽宁省,21,2016,True,98.0,84.3,86.0,,6571.55,29.5,87.0,11.0,73.3,11.0,0.0,0.0,1642.01,751.16,66.0,0.0,63.16,3.32,5212.2,1933.4,4857.75,1713.8,22246.9,1588.583,3707.1889,560.2102,570.7575,13414.1,5711.8583
重庆市,50,2016,True,423.0,406.0,96.0,,3737.1000000000004,21.1,154.0,269.0,137.0,269.0,0.0,0.0,760.06,810.29,69.0,0.0,33.02,8.39,2272.6,1562.8,2200.9,1536.2,17740.59,2227.9117,4001.809,1497.313,1738.1158,7271.4,4139.1541
陕西省,61,2016,True,349.0,341.0,97.7,,4917.55,25.3,310.0,39.0,302.0,39.0,0.0,0.0,1183.35,847.68,94.0,0.0,38.87,20.45,3052.2,2361.6,2806.4,2111.15,19399.59,1833.9884,4389.3689,750.5999,767.3094,7367.6,1976.8104
青岛市,3702,2016,True,113.0,111.8,98.9,,950.5500000000001,,42.0,71.0,40.8,71.0,0.0,0.0,246.04,167.76,16.0,0.0,9.75,2.27,795.0,408.6,632.7,317.85,,1100.0303,1352.8516,445.2071,518.0288,,
青海省,63,2016,True,151.0,151.0,100.0,,1339.0900000000001,52.1,127.0,24.0,127.0,24.0,0.0,0.0,371.2,97.8,63.0,0.0,20.7,1.27,1288.1,193.8,1171.98,167.11,2572.49,238.5063,1524.7999,69.6863,86.6459,767.3,100.8718
黑龙江省,23,2016,True,257.0,247.5,96.3,,3120.2999999999997,20.3,222.0,35.0,212.5,35.0,0.0,0.0,791.0,313.84,91.0,0.0,38.35,2.6,2701.2,720.8,2422.97,697.33,15386.09,1148.4112,4227.3373,319.5458,352.6784,8402.5,1093.8435
上海市,31,2017,True,593.0,583.0,98.3,,4694.18,15.3,171.0,422.0,171.0,412.0,0.0,0.0,273.9,509.2,44.5,0.0,67.2,49.2,3664.9,3446.6,2523.48,2170.7,30632.99,6642.2638,7547.6208,1960.5592,2044.8507,11830.3,32242.895
云南省,53,2017,True,522.0,507.3,97.2,,6724.52,41.1,486.0,36.0,471.3,36.0,0.0,0.0,1505.1,424.8,126.0,0.0,92.9816,39.0344,5383.22,2138.88,4760.92,1963.6,16376.34,1886.1687,5712.9709,731.8971,614.4144,6423.1,1582.489
内蒙古自治区,15,2017,True,395.0,394.4,99.8,,6217.37,38.6,360.0,35.0,359.4,35.0,0.0,0.0,950.7,359.37,93.0,0.0,118.79,18.72,5281.27,1076.23,5219.55,997.82,16096.21,1703.2095,4529.9252,342.7693,394.1117,7160.2,940.8598
北京市,11,2017,True,525.0,525.0,100.0,,3876.88,13.8,297.0,228.0,297.0,228.0,0.0,0.0,361.7,708.32,34.0,0.0,49.83,31.01,2284.3,5452.1,1860.41,2016.47,28014.94,5430.7875,6824.5284,3132.7558,2461.6048,11575.4,21943.7124
厦门市,3502,2017,True,97.0,97.0,100.0,,560.39,,18.0,79.0,18.0,79.0,0.0,0.0,18.0,79.0,11.0,0.0,7.35,6.51,296.4,338.6,254.31,306.08,,696.866,797.0976,453.4672,488.5271,,
吉林省,22,2017,True,376.0,371.6364,98.8,,3193.27,21.4,346.0,30.0,341.6364,30.0,0.0,0.0,851.4756,294.9255,89.0,0.0,47.1382,15.9547,2664.78,1020.92,2353.13,840.14,14944.53,1210.9081,3725.722,513.5261,533.6553,7855.8,1254.9833
四川省,51,2017,True,812.0,807.5,99.4,,8496.92,23.0,503.0,309.0,498.5,309.0,0.0,0.0,1602.55,1206.39,148.0,0.0,102.29,56.77,5485.9,3723.1,5173.35,3323.57,36980.22,3577.9887,8694.7591,2662.9565,2631.7478,17480.5,4604.8672
大连市,2102,2017,True,28.0,,0.0,,1939.1100000000001,,25.0,3.0,0.0,0.0,0.0,0.0,353.69,291.76,17.0,0.0,15.48,8.7,1372.3,771.8,1276.17,662.94,,657.6367,919.8403,199.81,189.1466,,
天津市,12,2017,True,507.0,507.0,100.0,,3423.98,18.5,210.0,297.0,210.0,297.0,0.0,0.0,252.0,597.0,37.0,0.0,35.0,39.0,1363.2,2099.3,1333.33,2090.65,18549.19,2310.3552,3282.5404,1229.5012,1291.1151,5729.7,7645.117
宁夏回族自治区,64,2017,True,135.0,133.2,98.7,,1226.26,35.6,122.0,13.0,120.2,13.0,0.0,0.0,260.83,57.38,17.0,0.0,19.74,5.38,1096.4,279.5,984.67,241.59,3443.56,417.5888,1372.7841,108.5207,126.5032,930.4,341.5227
宁波市,3302,2017,True,52.0,52.0,100.0,,1543.5500000000002,,21.0,31.0,21.0,31.0,0.0,0.0,271.04,161.04,20.0,0.0,24.4,12.85,1211.1,735.9,981.09,562.46,,1245.288,1410.6049,748.3105,700.4513,,
安徽省,34,2017,True,728.0,688.0,94.5,,5823.360000000001,21.6,211.0,517.0,191.0,497.0,0.0,0.0,645.0,817.0,124.0,0.0,75.0,30.0,3883.6,2738.5,3415.27,2408.09,27018.0,2812.4495,6203.811,3191.7949,3545.5395,11192.6,3657.2145
山东省,37,2017,True,827.0,822.0,99.4,,9134.93,12.6,240.0,587.0,235.0,587.0,0.0,0.0,1141.74,1089.9,40.0,0.0,132.2833,66.0385,5948.86,3913.34,5558.23,3576.7,72634.1491,4941.3935,7855.3732,3234.8004,3682.0543,33649.0,17923.3507
山西省,14,2017,True,341.0,334.42,98.1,,2578.56,16.6,128.0,213.0,121.42,213.0,0.0,0.0,425.97,354.65,74.0,0.0,38.15,10.87,1890.72,837.08,1811.52,767.04,15528.42,1867.0022,3756.4199,760.1059,909.373,6918.1,1162.8449
广东省,44,2017,True,951.0,941.0,98.9,,8906.13,9.9,280.0,671.0,270.0,671.0,0.0,0.0,777.0,1068.0,43.0,0.0,109.0,69.0,6176.1402,4222.3598,5200.11,3706.02,89705.23,7988.2194,10443.6785,4592.3692,4427.9918,38200.1,68168.7615
广西壮族自治区,45,2017,True,507.0,491.6,97.0,,4836.8,26.1,475.0,32.0,459.6,32.0,0.0,0.0,936.7543,779.8152,79.0,0.0,61.0839,21.4869,3329.6,1983.2,3049.76,1787.04,18523.26,1615.1273,4908.5507,966.6664,894.8888,7813.0,3912.4134
新疆生产建设兵团,66,2017,True,,,,,,,0.0,0.0,0.0,0.0,0.0,0.0,0.0,0.0,0.0,0.0,0.0,0.0,0.0,0.0,0.0,0.0,,129.6,880.37,44.59,46.21,,
新疆维吾尔自治区,65,2017,True,463.0,451.4,97.5,,3377.84,31.0,435.0,28.0,423.4,28.0,0.0,0.0,903.77,175.6,80.0,0.0,52.01,10.54,2841.36,772.34,2706.64,671.2,10881.96,1466.5189,4637.2435,440.9076,304.221,3044.6,1392.2983
江苏省,32,2017,True,1273.0,1232.0,96.8,,12026.279999999999,14.0,281.0,992.0,280.0,952.0,0.0,0.0,1121.9638,1756.4805,55.0,0.0,156.5787,97.4675,7146.2,5957.1,6668.48,5357.8,85869.76,8171.5315,10621.0275,7005.7967,7559.6385,31737.4,39997.4539
江西省,36,2017,True,520.0,512.1,98.5,,4269.08,21.3,173.0,347.0,165.1,347.0,0.0,0.0,538.23,677.42,46.0,0.0,61.9,13.73,3108.61,1675.59,2827.39,1441.69,20006.31,2247.0624,5111.4673,1687.427,1809.9107,7448.1,3011.1172
河北省,13,2017,True,776.0,734.9,94.7,,6150.97,18.1,203.0,573.0,161.9,573.0,0.0,0.0,722.91,804.78,105.0,0.0,97.45,31.12,4931.6,2270.4,4153.79,1997.18,34016.32,3233.8332,6639.184,2418.5762,2498.2544,15907.6,3378.8114
河南省,41,2017,True,766.0,762.48,99.5,,5548.469999999999,12.5,228.0,538.0,224.48,538.0,0.0,0.0,1082.59,895.78,126.0,0.0,87.72,29.97,4948.7,2316.8,3648.68,1899.79,44552.83,3407.2187,8215.5182,2509.5973,2493.2289,19666.8,5233.9128
浙江省,33,2017,True,751.0,751.0,100.0,,7695.54,14.9,299.0,452.0,299.0,452.0,0.0,0.0,564.95,994.33,43.5,0.0,119.31,79.35,4558.4,3983.0,4178.46,3517.08,51768.26,4559.0957,6119.7122,5844.6905,5917.0058,24308.5,25605.0533
海南省,46,2017,True,194.0,194.0,100.0,,1719.2600000000002,38.5,74.0,120.0,74.0,120.0,0.0,0.0,336.66,199.51,44.0,0.0,20.37,8.58,1212.0,622.3,1162.38,556.88,4462.54,674.105,1443.9723,397.4595,465.7216,1618.8,702.7621
深圳市,4403,2017,True,,20.0,,,117.24,,0.0,0.0,0.0,20.0,0.0,0.0,0.0,20.0,13.5,0.0,3.9574,0.0,300.6,31.5,97.24,20.0,,3332.1303,4593.8003,1029.948,537.0357,,
湖北省,42,2017,True,743.0,741.0,99.7,,5715.53,16.1,210.0,533.0,208.0,533.0,0.0,0.0,452.904,770.096,113.0,0.0,95.82,47.3503,3604.3,2392.2,3402.56,2312.97,35478.09,3248.3159,6801.2572,2434.3513,2853.7067,17394.1,3136.3098
湖南省,43,2017,True,646.0,623.4,96.5,,7667.49,22.6,618.0,28.0,595.4,28.0,0.0,0.0,1192.4,773.0,132.0,0.0,114.1013,43.119,5168.53,2718.77,5092.13,2575.36,33902.96,2757.8212,6869.3867,1283.9297,1174.1763,14854.9,2433.8662
甘肃省,62,2017,True,340.0,326.0,95.9,,2068.6,27.7,182.0,158.0,168.0,158.0,0.0,0.0,367.69,219.99,80.0,0.0,32.2,11.91,1469.3,830.2,1397.3,671.3,7459.8995,815.7323,3304.4417,413.5104,500.101,3426.6,326.1407
福建省,35,2017,True,488.0,485.8,99.5,,4902.370000000001,15.2,462.0,26.0,459.8,26.0,0.0,0.0,870.49,571.99,76.0,0.0,51.86,53.59,2701.0,2719.3,2525.55,2376.82,32182.09,2112.1672,3887.0541,1539.617,1501.5562,13013.0,11589.9642
西藏自治区,54,2017,True,30.0,47.0,156.7,,98.63999999999999,7.5,13.0,17.0,29.0,18.0,0.0,0.0,38.0,18.0,10.0,0.0,1.0,0.0,145.3,23.0,77.46,21.18,1310.92,185.8341,1681.9444,73.2738,86.3685,523.3,58.6569
贵州省,52,2017,True,77.0,70.44,91.5,,8607.16,63.6,69.0,8.0,62.44,8.0,0.0,0.0,1150.84,948.13,82.0,0.0,106.04,60.2,5528.47,3748.03,5113.68,3493.48,13540.8256,1613.8377,4612.5164,961.1618,878.7098,4154.0,551.2843
辽宁省,21,2017,True,111.0,,0.0,,6516.129999999999,27.8,100.0,11.0,0.0,0.0,0.0,0.0,1059.03,600.64,70.0,0.0,107.64,25.25,5312.2,1944.4,4835.53,1680.6,23409.24,1735.1286,3959.5831,512.214,499.9317,13807.2,6748.9156
重庆市,50,2017,True,548.0,529.0,96.5,,4018.5,20.7,169.0,379.0,150.0,379.0,0.0,0.0,594.58,715.4,71.0,0.0,52.35,31.57,2441.6,1941.8,2235.8,1782.7,19424.73,2252.3788,4336.28,2251.1136,2182.2878,8067.7,4508.0726
陕西省,61,2017,True,452.0,443.7,98.2,,5395.43,24.6,413.0,39.0,404.7,39.0,0.0,0.0,783.41,517.0,98.0,0.0,70.49,44.73,3465.2,2400.6,3155.17,2240.26,21898.81,2006.6939,4833.1854,1030.9269,950.0471,8236.4,2719.2334
青岛市,3702,2017,True,151.0,150.7,99.8,,1061.92,,32.0,119.0,31.7,119.0,0.0,0.0,126.81,160.72,8.0,0.0,16.1,7.37,826.99,527.6,631.52,430.4,,1157.2389,1403.0252,534.3553,637.0746,,
青海省,63,2017,True,195.0,190.2,97.5,,1512.5700000000002,57.6,101.0,94.0,96.2,94.0,0.0,0.0,334.31,128.56,73.0,0.0,28.63,4.25,1389.09,287.77,1253.21,259.36,2624.83,246.1961,1530.4375,83.5015,131.759,839.0,44.4517
黑龙江省,23,2017,True,380.0,377.9,99.4,,3454.5699999999997,21.7,345.0,35.0,342.9,35.0,0.0,0.0,750.52,214.78,92.0,0.0,59.36,11.84,3046.2,755.8,2713.52,741.05,15902.6817,1243.3118,4641.0771,372.7235,368.2767,9099.2,1281.6648
上海市,31,2018,True,592.0,592.0,100.0,97.6,5034.9,15.4,298.0,294.0,298.0,294.0,79.3,18.3,382.1,323.8,168.6,49.0,76.6,65.5,3962.9,3740.6,2642.9,2392.0,32679.87,7108.1,8351.5,2095.4,2351.9,12668.69,34009.93
云南省,53,2018,True,682.0,663.8,97.3,388.89,7139.799999999999,34.2,364.0,318.0,345.8,318.0,245.29,143.6,923.8,643.4,258.4,148.0,148.8729,53.8596,5747.22,2456.88,4912.78,2227.02,20881.0,1994.35,6075.03,1287.3,1267.58,6825.97,298.95
内蒙古自治区,15,2018,True,517.0,516.28,99.9,162.44,6555.3099999999995,37.9,368.0,149.0,367.28,149.0,141.66,20.78,924.21,220.08,196.86,21.45,155.79,33.82,5649.27,1225.23,5421.12,1134.19,17289.2,1857.6493,4831.4587,567.4583,682.5086,4852.29,1034.4
北京市,11,2018,True,566.0,566.0,100.0,78.85,4248.89,12.8,296.0,270.0,296.0,270.0,32.94,45.91,328.94,315.91,151.49,109.34,62.24,56.41,2580.3,5722.1,2034.03,2214.86,33106.0,5785.9,7471.4,2009.3,2560.3,11747.7,27182.5
厦门市,3502,2018,True,100.0,100.0,100.0,,637.3199999999999,13.3,42.0,58.0,42.0,58.0,0.0,0.0,42.0,58.0,15.97,0.0,7.63,9.54,338.4,396.6,279.73,357.59,4791.41,754.5412,892.4985,399.1284,444.7306,1542.42,6005.31
吉林省,22,2018,True,485.0,482.69100000000003,99.5,99.1125,3711.66,24.6,257.0,228.0,254.691,228.0,99.1125,0.0,519.3303,276.239,109.0155,0.0,78.9797,27.4293,2921.78,1248.92,2647.15,1064.51,15074.62,1240.89,3789.59,558.32,755.0,7520.4,1362.8
四川省,51,2018,True,1071.0,1065.29,99.5,455.93,9298.73,22.9,448.0,623.0,438.29,627.0,335.95,119.98,1231.28,952.47,469.0,153.0,159.52,103.18,5934.0,4346.0,5465.61,3833.12,40678.13,3911.0,9707.5,3828.83,4033.68,18254.5,5946.7108
大连市,2102,2018,True,30.0,58.0,193.3,64.07,1984.55,25.9,26.0,4.0,51.0,7.0,42.19,21.88,540.62,80.75,44.25,22.68,29.49,20.83,1398.3,775.8,1317.6,666.95,7668.5,704.0,1001.5,183.2,196.2,3880.1,4701.4
天津市,12,2018,True,696.0,695.98,100.0,57.77,4078.3561,21.7,83.0,613.0,83.0,612.98,57.77,0.0,189.35,791.24,57.87,0.0,42.86,63.57,1446.2,2712.3,1399.5793,2678.7768,18809.64,2106.2397,3103.1579,1160.4537,1652.6792,5533.04,8080.2
宁夏回族自治区,64,2018,True,209.0,202.05,96.7,83.8,1389.18,37.5,121.0,88.0,114.05,88.0,63.8,20.0,296.21,109.58,64.01,20.0,29.63,7.74,1217.4,367.5,1069.95,319.23,3705.18,436.52,1419.06,121.27,208.79,1330.1,249.16
宁波市,3302,2018,True,90.0,90.0,100.0,116.63999999999999,1807.3,16.8,12.0,78.0,12.0,78.0,75.63,41.01,259.16,165.48,82.03,41.01,33.39,18.6,1223.1,813.9,1151.83,655.47,10746.0,1379.6865,1594.1,999.2404,973.9022,4154.9,8576.3
安徽省,34,2018,True,1007.0,1003.6082,99.7,274.51390000000004,6704.6491000000005,22.3,148.0,859.0,131.0003,872.6079,268.0149,6.499,931.8034,1316.0824,296.9908,6.5378,92.8342,64.0811,4032.29,3596.81,3521.726,3182.9231,30006.8,3048.67,6572.0,3031.0,3607.2,12100.1,629.7
山东省,37,2018,True,1108.0,1103.26,99.6,494.03000000000003,10164.553100000001,15.3,151.0,957.0,146.26,957.0,464.48,29.55,923.25,1249.72,476.6927,34.2797,172.9007,107.4299,6099.86,4870.34,5666.2505,4498.3026,66648.87,5253.48,8541.18,5115.1,5782.21,27480.28,19302.5
山西省,14,2018,True,459.0,449.39,97.9,81.64,2963.67,17.6,224.0,235.0,214.39,235.0,81.64,0.0,435.73,246.17,100.66,0.0,51.74,24.59,2114.72,1072.08,1974.66,989.01,16818.11,2292.7,4283.91,845.71,1079.93,7338.5,1369.9
广东省,44,2018,True,1310.0,1301.8998000000001,99.4,70.4229,9861.8943,10.1,311.0,999.0,302.8998,999.0,70.4229,0.0,1238.8051,1242.4798,193.1528,0.0,140.9461,109.8284,6487.1402,5221.3598,5226.5311,4635.3632,97277.77,12105.2552,15729.2571,5944.4848,5469.4074,39501.1213,71618.3
广西壮族自治区,45,2018,True,663.0,649.7099000000001,98.0,227.4444,5493.450699999999,28.0,349.0,314.0,335.7099,314.0,227.4444,0.0,849.8719,553.2034,228.4544,0.0,96.1376,50.6491,3678.68,2297.12,3401.7536,2091.6971,19627.81,1681.45,5310.74,1434.85,1396.08,8291.59,4106.71
新疆生产建设兵团,66,2018,True,60.0,60.0,100.0,,60.0,2.4,40.0,20.0,40.0,20.0,0.0,0.0,40.0,20.0,0.0,0.0,0.0,0.0,40.0,20.0,40.0,20.0,2515.16,103.82,958.41,46.18,54.81,762.6,84.44
新疆维吾尔自治区,65,2018,True,688.0,620.9,90.2,125.99,3980.2,32.6,385.0,303.0,337.9,283.0,112.74,13.25,651.5,361.3,164.0,20.6,84.85,17.3,3226.36,1075.34,3047.54,932.66,12199.08,1531.42,5012.45,614.3,790.02,3186.97,1325.5
江苏省,32,2018,True,1664.0,1664.0,100.0,434.0,13285.5532,14.3,294.0,1370.0,294.0,1370.0,298.4,135.6,926.2,1755.7,522.6373,176.1193,196.0746,165.5935,7441.2,7327.1,6652.5959,6632.9573,92595.4,8630.16,11658.22,8222.81,9055.8,33230.35,43802.37
江西省,36,2018,True,707.0,700.2,99.0,166.07,4779.4,21.7,270.0,437.0,263.2,437.0,157.07,9.0,531.52,550.87,158.22,9.0,81.19,40.01,3378.61,2112.59,2958.74,1820.66,21984.7,2373.01,5667.5,2568.74,2655.1,7566.4,3164.9
河北省,13,2018,True,1319.0,1296.8,98.3,377.86,7278.26,22.4,524.0,795.0,501.8,795.0,327.41,50.45,1172.11,951.25,357.78,75.16,123.7,62.24,5455.6,3065.4,4564.17,2714.09,32494.6,3460.0,6241.93,2462.22,2290.34,16537.1,3551.6
河南省,41,2018,True,1019.0,1015.1600000000001,99.6,285.54,6541.3,13.6,404.0,615.0,400.16,615.0,226.53,59.01,651.86,674.01,245.85,74.07,124.12,64.64,5352.7,2931.8,4062.23,2479.07,48055.86,3766.0,9217.7,3826.0525,3783.6,20594.74,5512.71
浙江省,33,2018,True,1051.6,1051.6,100.0,321.64,8987.130000000001,16.0,332.0,719.6,332.0,719.6,174.25,147.39,679.76,982.18,199.72,167.43,142.82,114.04,4890.4,4702.6,4656.91,4330.22,56197.15,5218.53,7035.43,7737.32,8046.13,25007.9,28511.56
海南省,46,2018,True,257.0,257.0,100.0,19.0,1942.4099999999999,40.2,115.0,142.0,115.0,142.0,19.0,0.0,323.91,211.95,46.7,0.0,32.85,17.2,1327.0,764.3,1250.0,692.41,4832.05,2232.529,2119.7224,662.5887,617.4926,1717.05,848.96
深圳市,4403,2018,True,52.4,52.4,100.0,,145.92,0.6,13.0,39.4,13.0,39.4,0.0,0.0,13.0,39.4,18.0,0.0,3.5227,0.764,313.6,70.9,86.52,59.4,24221.98,3538.4414,4282.5598,964.6428,637.4448,6168.87,4539.22
湖北省,42,2018,True,1015.0,1011.7,99.7,190.9518,6675.6945,15.9,373.0,642.0,369.7,642.0,159.3686,31.5832,615.148,735.9987,183.966,33.334,109.1198,78.3805,3977.3,3034.2,3742.2845,2933.41,42021.95,3307.0782,7258.2663,3535.1312,3943.8558,20598.16,3487.2
湖南省,43,2018,True,840.0,834.1944,99.3,245.8,8708.1939,24.0,433.0,407.0,427.1944,407.0,145.8,100.0,1096.1986,896.7745,222.8,100.0,158.2416,75.4017,5601.53,3125.77,5582.4194,3125.7745,36329.68,2860.8,7479.6,2231.5,2174.9,15638.26,3079.5
甘肃省,62,2018,True,446.0,433.93,97.3,48.620000000000005,2492.13,30.2,242.0,204.0,229.93,204.0,46.59,2.03,372.73,231.48,93.35,2.07,43.96,20.73,1711.3,1034.2,1624.68,867.45,8246.1,871.0537,3772.233,399.3318,552.0274,0.0,394.6
福建省,35,2018,True,636.0,628.27,98.8,66.7,5419.35,14.0,153.0,483.0,145.27,483.0,66.7,0.0,282.62,611.39,95.46,0.0,84.23,76.38,2854.0,3202.3,2603.38,2815.97,38687.77,2252.87,3940.19,2187.97,2472.27,17178.37,12357.29
西藏自治区,54,2018,True,30.0,37.15,123.8,5.1,134.79,9.1,19.0,11.0,32.37,4.78,5.1,0.0,42.25,12.73,7.0,0.0,2.38,0.76,164.3,34.0,100.88,33.91,1477.63,230.35,1970.68,96.32,109.79,597.58,47.52
贵州省,52,2018,True,85.0,76.03,89.4,488.45000000000005,8849.81,59.8,73.0,12.0,64.03,12.0,331.04,157.41,1318.19,827.03,343.66,158.16,147.9,97.44,5601.47,3760.03,5340.12,3509.69,14806.45,1726.85,5029.68,1249.8927,1081.9384,3971.21,500.77
辽宁省,21,2018,True,120.0,170.01,141.7,464.24,6611.6900000000005,26.1,103.0,17.0,142.01,28.0,452.73,11.51,932.88,225.16,465.77,11.85,145.88,48.21,5415.2,1961.4,4952.68,1659.01,25315.4,1912.0975,4336.2252,750.9188,694.8614,14142.8,7545.9
重庆市,50,2018,True,710.0,697.0,98.2,174.70000000000002,4690.4,23.0,149.0,561.0,136.0,561.0,146.08,28.62,344.78,669.62,146.29,28.62,71.99,59.26,2590.6,2502.8,2356.0,2334.4,20363.19,2265.5,4540.9,2316.3,2677.7,10705.2,5221.0
陕西省,61,2018,True,599.0,590.56,98.6,320.98,5886.91,24.1,341.0,258.0,332.56,258.0,179.27,141.71,681.25,622.29,206.32,145.08,98.64,65.47,3812.29,2652.51,3428.25,2458.66,24438.36,2243.14,5302.44,1464.73,1554.87,8938.27,3513.78
青岛市,3702,2018,True,223.0,221.0,99.1,28.82,1272.13,10.6,81.0,142.0,81.0,140.0,28.82,0.0,130.25,193.06,28.82,0.0,20.82,13.53,907.99,669.6,706.09,566.04,12001.5,1231.9,1561.2,885.52,925.58,4842.5,5321.3
青海省,63,2018,True,261.0,253.78,97.2,96.5,1763.1999999999998,61.5,214.0,47.0,206.78,47.0,94.5,2.0,424.76,49.0,94.5,8.0,38.03,9.37,1603.1,334.8,1462.84,300.36,2865.23,272.89,1647.43,136.85,228.87,835.56,46.0
黑龙江省,23,2018,True,491.0,484.92,98.8,202.64,4116.5,32.0,287.0,204.0,280.92,204.0,201.44,1.2,944.8,293.67,259.09,1.2,83.79,19.91,3333.2,959.8,3187.59,928.91,12846.5,1282.6,4676.8,357.1,516.7,0.0,1747.7
上海市,31,2019,True,917.0,917.0,100.0,350.5,5722.067300000001,15.0,242.0,675.0,242.0,675.0,219.7,130.8,461.7,805.8,301.5,233.4,88.2,77.26,4191.5,4385.6,2787.6673,2934.4,38155.32,7165.1,8179.3,2418.1,2580.0,13497.21,34046.82
云南省,53,2019,True,925.0,905.9,97.9,356.36,8099.698,34.9,386.0,539.0,366.9,539.0,268.63,87.73,734.21,754.25,299.7,132.9,176.3756,73.9902,6217.66,3123.39,5316.4007,2783.2973,23223.75,2073.56,6770.09,1590.65,2160.14,7539.18,336.92
内蒙古自治区,15,2019,True,669.0,667.1332,99.7,339.2968,7307.4245,42.5,390.0,279.0,388.1332,279.0,304.6023,34.6945,791.8055,441.7145,345.254,34.14,186.1085,43.2258,6132.09,1632.11,5779.0784,1528.3461,17212.5,2059.694,5100.9101,637.3946,921.1081,5051.11,1095.7
北京市,11,2019,True,1107.0,1107.0,100.0,294.45,4964.0599999999995,14.0,132.0,975.0,132.0,975.0,138.2,156.25,270.2,1131.25,183.63,208.84,68.7814,66.5591,2712.3,6407.1,2116.94,2847.12,35371.3,5817.1,7408.2,2216.3,2960.2,12270.1,28663.5
厦门市,3502,2019,True,152.0,152.0,100.0,40.0,788.1791000000001,13.1,16.0,136.0,16.0,136.0,40.0,0.0,56.0,136.0,41.1319,0.0,8.9542,12.3388,354.4,532.6,294.5876,493.5915,5995.04,768.3751,912.977,400.0396,458.1094,1731.86,6412.89
吉林省,22,2019,True,652.0,648.4227000000001,99.5,113.9066,4344.83,37.1,272.0,380.0,268.4227,380.0,113.9066,0.0,382.3293,380.0,116.9292,0.0,98.2216,38.8579,3184.18,1626.89,2902.43,1442.4,11726.82,1116.95,3933.42,665.25,951.47,7777.23,1302.17
四川省,51,2019,True,1451.0,1444.9057,99.6,768.2950999999999,10576.8207,22.7,471.0,980.0,464.9057,980.0,513.1564,255.1387,978.0621,1235.1387,557.613,379.192,199.27,143.41,6404.9,5326.1,5887.8918,4688.9289,46615.82,4070.83,10348.17,4184.74,4378.79,20144.32,6765.9
大连市,2102,2019,True,41.0,41.0,100.0,93.75,1976.93,28.2,24.0,17.0,24.0,17.0,62.5,31.25,86.5,48.25,62.53,31.26,49.04,23.39,1421.31,745.83,1340.22,636.71,7001.7,692.8,1016.3,352.4,294.7,0.0,4352.8
天津市,12,2019,True,904.0,904.0,100.0,267.7,4959.2985,35.2,86.0,818.0,86.0,818.0,145.67,122.03,231.67,940.03,146.66,126.03,48.6714,96.3936,1523.83,3530.3,1504.0397,3455.2588,14104.28,2410.41,3555.7052,1430.7915,2276.2925,0.0,7346.0283
宁夏回族自治区,64,2019,True,282.0,267.9762,95.0,106.888,1658.6317,44.2,128.0,154.0,113.9762,154.0,87.8048,19.0832,201.781,173.0832,88.9514,19.6844,39.4267,12.6622,1345.4,521.5,1186.0072,472.6245,3748.48,423.58,1438.29,118.68,278.31,1399.4,240.7
宁波市,3302,2019,True,123.0,123.0,100.0,102.61680000000001,1921.4991,16.0,12.0,111.0,12.0,111.0,69.087,33.5298,81.087,144.5298,73.487,34.5298,40.9016,24.2662,1233.87,924.48,1156.4296,765.0695,11985.0,1468.5072,1767.8895,1951.5739,1713.618,4473.7,9170.3
安徽省,34,2019,True,1361.0,1333.98,98.0,294.01,7936.37,21.4,175.0,1186.0,147.98,1186.0,294.01,0.0,441.99,1186.0,303.43,0.0,122.92,115.49,4190.1,4722.89,3635.91,4300.46,37114.0,3182.71,7392.22,3374.19,4123.32,13377.7,687.3
山东省,37,2019,True,1560.0,1551.51,99.5,776.88,11545.840199999999,16.2,156.0,1404.0,147.51,1404.0,462.61,314.27,610.12,1718.27,468.414,359.468,195.505,158.0683,6236.1,6183.25,5951.6285,5594.2117,71067.53,5284.97,9163.78,5537.57,6220.89,29251.18,20420.92
山西省,14,2019,True,645.0,637.442,98.8,119.53,3511.8936000000003,20.6,266.0,379.0,258.442,379.0,97.47,22.06,355.912,401.06,114.0356,23.9709,65.9072,35.335,2348.05,1450.99,2157.827,1354.0666,17026.68,2347.75,4710.76,1186.31,1452.45,7909.2,1446.9
广东省,44,2019,True,1855.0,1847.1952,99.6,208.8761,11518.6823,10.7,343.0,1512.0,335.1952,1512.0,208.8761,0.0,544.0713,1512.0,264.0217,0.0,184.6368,167.6336,6791.92,6707.65,5425.0729,6093.6094,107671.07,12651.4639,17314.116,6111.9876,6290.6758,42664.4615,71436.7952
广西壮族自治区,45,2019,True,896.0,861.0799999999999,96.1,172.31,6328.42,29.8,370.0,526.0,335.08,526.0,146.31,26.0,481.39,552.0,159.41,30.0,125.7,78.72,4047.45,2818.8,3749.62,2578.8,21237.14,1811.89,5850.96,1699.29,1579.24,0.0,4694.7
新疆生产建设兵团,66,2019,True,290.0,273.04,94.2,,333.04,12.1,60.0,230.0,55.74,217.3,0.0,0.0,55.74,217.3,0.0,0.0,1.8388,1.0594,100.0,250.0,95.74,237.3,2747.07,142.54,1158.16,51.51,272.95,783.28,85.6
新疆维吾尔自治区,65,2019,True,1138.0,829.6,72.9,190.0,4627.8214,34.0,426.0,712.0,347.6,482.0,165.0,25.0,512.6,507.0,207.06,45.64,109.84,38.41,3626.01,1759.88,3294.3051,1333.5163,13597.11,1577.63,5315.49,527.49,1146.59,3361.61,1640.93
江苏省,32,2019,True,2000.0,2000.0,100.0,702.3,14878.3773,15.1,322.0,1678.0,322.0,1678.0,362.9,339.4,684.9,2167.4,538.1244,439.9653,217.2038,233.4383,7609.98,8915.15,6620.5166,8257.8607,98656.82,8802.36,12573.31,9249.59,9896.02,35291.29,43379.73
江西省,36,2019,True,988.0,968.4277999999999,98.0,203.20589999999999,5351.004800000001,21.6,319.0,669.0,299.4278,669.0,120.9011,82.3048,420.3289,751.3048,122.3715,101.8867,99.8925,61.6358,3561.55,2714.89,3037.8418,2313.163,24757.5,2487.39,6386.8,2541.1,2586.8,8421.6,3511.9
河北省,13,2019,True,1717.0,1712.6388,99.7,507.8,8753.767,24.9,546.0,1171.0,541.6388,1171.0,401.8,106.0,943.4388,1277.0,477.4594,225.1206,163.7024,101.6911,5983.84,4224.26,5006.0334,3747.7336,35104.5,3739.0,8309.0,3318.4,3830.1,17934.2,4001.6
河南省,41,2019,True,1452.0,1448.3476,99.7,368.7236,7910.0998,14.6,428.0,1024.0,424.3476,1024.0,323.0492,45.6744,747.3968,1069.6744,329.2352,109.5038,143.5176,90.7973,5773.53,3955.46,4471.3487,3438.7511,54259.2,4041.9,10163.9,4080.3,4098.9,22733.02,57711.63
浙江省,33,2019,True,1415.0,1415.0,100.0,603.25,10387.8,16.7,390.0,1025.0,390.0,1025.0,285.9,317.35,675.9,1342.35,288.4007,328.5998,164.8333,152.3917,5280.4,5727.6,5043.9,5343.9,62352.0,5580.07,8285.14,8656.25,8671.07,27176.4,30831.9
海南省,46,2019,True,346.0,346.0,100.0,87.4068,2230.7,42.0,136.0,210.0,136.0,210.0,71.5476,15.8592,207.5476,225.8592,85.5934,41.8778,44.3563,25.5237,1455.51,970.89,1359.2307,871.4693,5308.94,2276.6727,2187.0912,750.1374,719.9045,1808.31,905.87
深圳市,4403,2019,True,314.0,314.0,100.0,,430.2699,1.6,11.0,303.0,11.0,303.0,0.0,0.0,11.0,303.0,30.3,0.0,3.2682,5.7548,324.6,373.9,67.8699,362.4,26927.09,3773.3831,4552.7336,1005.7208,970.9406,6582.85,29773.86
湖北省,42,2019,True,1415.0,1401.68,99.1,585.43,8039.98,17.5,440.0,975.0,426.68,975.0,585.43,0.0,1012.12,975.0,615.97,0.0,134.53,109.13,4410.1898,4006.0943,4134.8,3905.18,45828.31,3388.5702,7970.207,3474.9051,4042.7485,22722.31,3943.6
湖南省,43,2019,True,1136.0,1122.9811,98.9,1071.5688,10174.4994,25.6,459.0,677.0,445.9811,677.0,603.6983,467.8705,1209.1694,1350.9905,613.3318,500.0,198.327,107.0176,6220.02,4008.89,6197.7344,3976.765,39752.12,3007.1,8034.4,2993.9,2933.6,17239.54,4342.4
甘肃省,62,2019,True,625.0,617.53,98.8,99.0,3116.5671,35.7,257.0,368.0,249.53,368.0,99.0,0.0,374.58,401.66,99.5,0.0,57.8793,32.2176,1972.26,1434.53,1880.4198,1236.1473,8718.3,850.4,3951.5991,520.8237,773.1453,0.0,379.9
福建省,35,2019,True,857.0,850.8678,99.3,112.9365,6245.74,14.7,181.0,676.0,174.8678,676.0,112.9365,0.0,287.8043,676.0,134.97,0.0,94.8987,102.3622,3034.28,3877.92,2755.86,3489.88,42395.0,2284.55,4164.96,2169.64,2729.86,18896.83,13307.35
西藏自治区,54,2019,True,128.0,128.0,100.0,,254.06,15.0,121.0,7.0,121.0,7.0,0.0,0.0,121.0,7.0,8.4,3.0,3.67,1.26,285.3,41.0,216.15,37.91,1697.82,221.99,2187.75,103.42,94.88,649.33,48.76
贵州省,52,2019,True,449.0,444.78,99.1,518.31,9673.38,57.7,442.0,7.0,437.78,7.0,362.76,155.55,967.72,378.6,364.83,156.0,190.79,125.66,6210.27,3983.08,5945.73,3727.65,16769.34,1767.47,5948.74,1710.95,1346.91,4173.74,453.57
辽宁省,21,2019,True,167.0,201.13,120.4,731.6295,6908.1605,27.7,80.0,87.0,114.13,87.0,496.6844,234.9451,683.8344,416.3151,507.0756,235.8838,176.663,59.5668,5547.02,2121.33,5090.5691,1817.5914,24909.5,1959.5631,4728.8035,889.1306,824.3108,15008.6,7255.1
重庆市,50,2019,True,956.0,946.0,99.0,307.3,5603.6758,23.7,176.0,780.0,166.0,780.0,164.96,142.34,330.96,922.34,164.96,177.34,83.0,85.4868,2766.6,3282.8,2524.2758,3079.4,23605.77,2134.93,4847.68,2247.93,2419.27,11631.67,5792.78
陕西省,61,2019,True,814.0,802.6006,98.6,600.9029,6585.8061,25.5,361.0,453.0,349.6006,453.0,368.8029,232.1,718.4035,685.1,408.9709,254.0655,123.8633,87.2889,4147.84,3080.31,3695.3442,2890.4619,25793.17,2287.9,5718.52,1859.9,1970.91,9598.73,3515.75
青岛市,3702,2019,True,311.0,311.0,100.0,34.5,1581.6624000000002,13.5,80.0,231.0,80.0,231.0,34.5,0.0,114.5,231.0,34.6038,0.0,24.602,20.903,987.65,900.6,784.7767,796.8857,11741.31,1241.74,1575.97,1205.14,1311.33,5126.6,5925.6
青海省,63,2019,True,352.0,344.98199999999997,98.0,121.99119999999999,2102.1313,70.9,227.0,125.0,219.982,125.0,106.0141,15.9771,325.9961,140.9771,106.0626,22.1899,54.0799,11.108,1824.9,459.8,1682.9813,419.15,2965.95,282.25,1863.67,245.17,334.59,880.75,37.25
黑龙江省,23,2019,True,680.0,672.5974,98.9,232.6607,4748.6026,34.9,429.0,251.0,421.5974,251.0,206.6608,25.9999,628.2582,276.9999,207.4686,26.0,123.6131,31.9193,3732.43,1207.18,3573.7915,1174.8111,13612.7,1262.8,5011.6,377.9,574.9,0.0,1865.9
上海市,31,2020,True,1332.0,1332.0,100.0,422.8,6891.48,17.8,291.0,1041.0,291.0,1041.0,249.4,173.4,540.4,1214.4,318.7,256.5,92.44,101.78,4391.5,5331.6,2999.18,3892.3,38700.58,7046.3,8102.1,3175.0,3697.8,15932.5,34828.47
云南省,53,2020,True,1811.0,1751.88,96.7,541.37,9591.88,39.1,277.0,1534.0,261.88,1490.0,376.47,164.9,638.35,1654.9,466.3,263.7,190.85,106.46,6210.66,4573.39,5462.73,4129.15,24521.9,2116.69,6974.02,1558.46,2948.51,9792.87,389.46
内蒙古自治区,15,2020,True,1156.0,1074.25,92.9,773.05,8268.539999999999,47.6,416.0,740.0,411.25,663.0,682.04,91.01,1093.29,754.01,695.59,98.76,201.15,61.96,6533.09,2421.11,6087.57,2180.97,17360.0,2051.1952,5270.1616,656.4337,1414.2463,4760.5,1043.3
北京市,11,2020,True,1354.0,1340.05,99.0,336.23,6063.59,16.8,222.0,1132.0,208.05,1132.0,208.44,127.79,416.48,1259.79,283.69,304.53,70.43,108.71,2987.3,7279.1,2261.41,3802.18,36102.6,5483.9,7116.2,2317.4,3470.5,13716.4,23215.9
厦门市,3502,2020,True,343.0,343.0,100.0,28.995,1112.1044,17.4,37.0,306.0,37.0,306.0,11.639,17.356,48.639,323.356,14.839,33.2094,9.7952,19.3632,382.4,832.6,328.3757,783.7287,6384.02,783.9392,976.9054,821.6275,1035.919,2293.87,6915.77
吉林省,22,2020,True,1023.0,894.81,87.5,489.11,5221.42,42.4,298.0,725.0,295.81,599.0,383.64,105.47,679.45,704.47,387.79,111.55,109.32,57.42,3447.18,2334.89,3186.17,2035.25,12311.32,1085.0,4127.2,1021.2,1454.8,0.0,1280.12
四川省,51,2020,True,1917.0,2315.8047,120.8,1227.4558000000002,12742.82,26.2,250.0,1667.0,475.8047,1840.0,811.1574,416.2984,1286.9621,2256.2984,848.51,530.01,219.2803,190.1371,6841.9,7145.1,6328.11,6414.71,48598.8,4260.89,11198.54,4782.78,6086.96,20824.9,8081.9
大连市,2102,2020,True,91.0,91.0,100.0,222.3,2064.37,29.4,31.0,60.0,31.0,60.0,120.61,101.69,151.61,161.69,120.81,102.69,52.31,26.36,1569.31,897.83,1368.88,695.49,7030.4,702.68,1001.98,308.93,372.38,1828.0,3854.2
天津市,12,2020,True,1258.0,1258.0,100.0,547.15,6368.24,45.2,102.0,1156.0,102.0,1156.0,302.55,244.6,404.55,1400.6,202.55,193.52,53.12,133.22,1883.83,4957.3,1705.91,4662.33,14083.73,1923.1103,3151.3535,911.931,1997.1447,0.0,7340.66
宁夏回族自治区,64,2020,True,163.0,155.42000000000002,95.3,160.16,1858.12,47.4,135.0,28.0,127.42,28.0,120.58,39.58,248.0,67.58,101.69,15.82,45.37,17.24,1476.4,564.5,1333.74,524.38,3920.55,419.44,1480.36,159.82,224.16,1301.39,123.17
宁波市,3302,2020,True,258.0,258.0,100.0,228.73000000000002,2161.48,17.4,23.0,235.0,23.0,235.0,160.44,68.29,183.44,303.29,160.44,84.45,41.22,30.3,1285.87,1141.48,1177.57,983.91,12408.7,1510.8432,1742.0878,1836.7893,1660.0084,4238.3,9786.9
安徽省,34,2020,True,1701.0,1671.65,98.3,657.3299999999999,9600.14,24.8,205.0,1496.0,175.65,1496.0,475.14,182.19,650.79,1678.19,479.21,194.98,130.3,166.35,4435.08,6285.91,3816.72,5783.42,38680.6,3227.13,6334.09,2799.23,2850.73,18333.7,780.5
山东省,37,2020,True,3034.0,2931.08,96.6,1001.1500000000001,14533.490000000002,19.9,187.0,2847.0,184.08,2747.0,860.45,140.7,1044.53,2887.7,815.5452,126.6305,212.7713,223.1243,6530.1,9023.25,6178.62,8354.87,73129.0,5306.0758,9648.8678,6109.0839,8259.6347,29248.0,22009.4
山西省,14,2020,True,1018.0,1014.0980999999999,99.6,394.52,4612.6538,26.1,312.0,706.0,308.0981,706.0,275.12,119.4,583.2181,825.4,231.557,78.29,76.4967,53.4276,2656.05,2176.99,2511.8593,2100.7945,17651.93,2296.5669,5110.8746,1151.9787,178.7041,6746.3,1505.8
广东省,44,2020,True,3134.0,3105.8247,99.1,533.39,14434.98,13.0,403.0,2731.0,374.8247,2731.0,501.752,31.638,876.5767,2762.638,579.9392,131.0,198.1606,236.3159,6982.9196,9343.6487,5720.37,8714.61,110760.94,12923.8452,17430.7853,8649.7723,9599.785,40207.85,70844.8
广西壮族自治区,45,2020,True,1332.0,1322.04,99.3,518.04,7615.0,34.4,379.0,953.0,369.04,953.0,447.69,70.35,816.73,1023.35,455.64,100.0,138.55,102.05,4287.45,3658.8,4115.29,3499.71,22156.69,1716.94,6179.47,1938.97,2584.81,7831.01,4861.34
新疆生产建设兵团,66,2020,True,506.0,174.96,34.6,6.023000000000001,508.0,17.5,272.0,234.0,84.26,90.7,4.5711,1.4519,88.8311,92.1519,0.0,0.0,3.92,9.89,372.0,484.0,180.0,328.0,2905.14,149.1,1119.25,58.73,88.55,699.23,0.0
新疆维吾尔自治区,65,2020,True,1292.0,1123.9,87.0,337.4,5661.9,41.0,440.0,852.0,349.9,774.0,300.5,36.9,650.4,810.9,358.64,63.0,120.93,58.22,4237.01,2750.88,3582.17,2079.73,13797.58,1477.22,5533.16,591.41,1427.11,3062.55,1484.3
江苏省,32,2020,True,2576.0,2576.0,100.0,1605.2,17227.690000000002,16.8,363.0,2213.0,363.0,2213.0,859.73,745.47,1222.73,2958.47,1022.0056,783.1127,229.6465,306.65,7900.98,11106.16,6810.82,10416.87,102718.98,9058.9884,13682.47,11359.3948,12314.3,37086.1,44500.47
江西省,36,2020,True,1966.0,1870.88,95.2,416.74,7149.13,27.8,366.0,1600.0,349.88,1521.0,331.66,85.08,681.54,1606.08,336.79,157.27,110.22,99.42,3957.5518,4341.8854,3387.27,3761.86,25691.5,2507.54,6674.08,3101.81,4011.12,10371.8,4010.1
河北省,13,2020,True,,2267.7799999999997,,731.85,11016.4,30.4,,,576.78,1691.0,578.75,153.1,1155.53,1844.1,557.43,169.16,183.52,149.96,,,5595.12,5421.28,36206.9,3826.5,9022.8,3165.0,4582.1,12705.0,4410.4
河南省,41,2020,True,2333.0,2053.26,88.0,675.13,9822.45,17.9,450.0,1883.0,427.26,1626.0,524.35,150.78,951.61,1776.78,528.49,292.62,166.03,137.82,6014.5287,5836.4567,4899.84,4922.61,54997.07,4168.84,10372.67,3737.94,4862.74,22502.77,6654.82
浙江省,33,2020,True,2152.0,2152.0,100.0,730.85,12480.17,19.3,443.0,1709.0,443.0,1709.0,507.05,223.8,950.05,1932.8,537.41,251.94,177.816,197.8685,5671.4,7281.6,5455.53,7024.64,64613.34,5737.4,8339.92,9516.56,10225.51,26629.8,33808.0
海南省,46,2020,True,420.0,418.28,99.6,148.12,2622.8,47.4,155.0,265.0,153.28,265.0,115.45,32.67,268.73,297.67,127.83,39.4,47.91,33.12,1593.51,1217.89,1493.08,1129.72,5532.39,816.1,1972.5,522.6,879.6,1974.63,1118.03
深圳市,4403,2020,True,482.0,482.0,100.0,,881.2149000000001,3.2,22.0,460.0,22.0,460.0,0.0,0.0,22.0,460.0,21.0,10.0551,2.63,16.14,345.6,833.9,68.87,812.3449,27670.24,3857.46,4178.42,1287.24,1224.55,8664.83,30502.5
湖北省,42,2020,True,2176.0,2095.02,96.3,804.77,10078.67,23.2,609.0,1567.0,565.02,1530.0,580.11,224.66,1145.14,1754.66,650.47,243.34,150.6,147.23,4952.19,5548.1,4662.4,5416.27,43443.46,2511.5368,8442.8818,3229.2804,4612.5799,17984.87,4294.1
湖南省,43,2020,True,1749.0,1737.06,99.3,813.14,11815.18,28.3,415.0,1334.0,403.06,1334.0,613.42,199.72,1016.48,1533.72,713.4,200.0,222.67,155.76,6738.02,5422.89,6504.7,5310.48,41781.5,3008.7,8403.1,3356.1,4191.8,16258.1,4874.5
甘肃省,62,2020,True,968.0,832.64,86.0,290.76,3933.13,43.6,228.0,740.0,218.64,614.0,212.37,78.39,431.01,692.39,214.24,87.72,65.41,51.75,2198.2567,2153.5347,2093.9,1839.23,9016.6,874.55,4163.4,650.39,1190.59,3632.4,372.8
福建省,35,2020,True,1301.0,1242.72,95.5,350.20000000000005,7226.5599999999995,16.5,204.0,1097.0,195.72,1047.0,179.05,171.15,374.78,1218.15,246.49,364.28,100.51,137.12,3367.28,5056.92,2882.93,4343.63,43903.89,2295.1,4239.19,2608.08,3246.04,18626.45,2026.66
西藏自治区,54,2020,True,121.0,121.0,100.0,19.0,374.98,19.7,62.0,59.0,62.0,59.0,19.0,0.0,81.0,59.0,19.08,0.0,7.19,1.96,345.31,109.0,278.07,96.91,1902.74,220.99,2210.92,88.28,199.79,745.78,21.33
贵州省,52,2020,True,1590.0,1189.4104,74.8,1333.16,10990.6358621578,61.7,432.0,1158.0,210.4104,979.0,776.8662,556.2938,987.2766,1535.2938,725.5836,482.2666,215.1233,145.8706,6579.27,5079.08,6210.026084572,4780.6097775858,17826.56,1786.78,5723.27,2047.12,2829.72,0.0,546.2
辽宁省,21,2020,True,415.0,318.48,76.7,920.53,7197.16,28.7,97.0,318.0,96.48,222.0,749.76,170.77,846.24,392.77,756.89,176.28,182.26,69.41,5683.02,2487.33,5164.15,2033.01,25115.0,2655.75,6014.17,1351.42,1618.25,8960.9,6544.0
重庆市,50,2020,True,1224.0,1201.0,98.1,494.96000000000004,6799.08,27.2,170.0,1054.0,147.0,1054.0,287.0,207.96,434.0,1261.96,290.6,220.96,89.06,121.75,3086.6,4455.8,2678.68,4120.4,25002.79,2095.0,4894.0,2458.0,3133.0,11787.2,6513.36
陕西省,61,2020,True,1089.0,1031.83,94.8,500.95,7432.78,28.4,375.0,714.0,363.83,668.0,351.51,149.44,715.34,817.44,419.02,231.16,137.005,109.17,4582.84,3872.31,3984.18,3448.6,26181.86,2257.23,5933.78,2104.74,2430.19,9605.92,3772.1
青岛市,3702,2020,True,479.0,479.0,100.0,88.97,2058.29,16.6,92.0,387.0,92.0,387.0,71.08,17.89,163.08,404.89,71.14,19.41,28.77,32.15,1065.65,1280.6,876.06,1182.23,12400.56,1329.0,1699.7295,1051.9605,1202.2395,5203.5,6407.0
青海省,63,2020,True,372.0,364.56,98.0,147.03,2454.34,81.7,239.0,133.0,231.56,133.0,137.85,9.18,369.41,142.18,138.44,24.19,62.71,17.08,2089.9,620.8,1917.2,537.14,3005.92,297.99,1932.84,186.94,322.71,877.34,22.8
黑龙江省,23,2020,True,1061.0,934.1700000000001,88.0,416.70000000000005,5684.52,41.5,479.0,582.0,475.17,459.0,340.29,76.41,815.46,535.41,340.82,76.57,136.11,45.04,4127.4302,1772.1762,4051.32,1633.2,13698.5,1152.5107,5449.411,449.4399,1048.0433,0.0,1537.0
上海市,31,2021,True,880.0,867.0,98.5,344.1,7356.7694091247995,17.0,248.0,632.0,242.0,625.0,201.1,143.0,443.1,768.0,321.4,423.8,97.64334,129.26084,4639.5,5963.6,3120.2694091248,4236.5,43214.85,7771.8,8430.9,3769.0,3568.5,18079.25,40610.35
云南省,53,2021,True,1482.0,1489.5598,100.5,792.7,10981.9720008103,40.5,235.0,1247.0,219.5598,1270.0,531.9,260.8,751.4598,1530.8,570.1,358.6,193.0269,148.578265,6445.66,5820.39,5665.5990587477,5316.3729420626,27146.76,2278.24,6634.4,1087.02,2150.26,10731.8,486.59
内蒙古自治区,15,2021,True,533.9169999999999,602.9169999999999,112.9,962.3224,8896.6895370788,43.4,315.917,218.0,307.917,295.0,773.1518,189.1706,1081.0688,484.1706,793.824,138.4992,212.8638,80.59527348,6859.09,2639.11,6370.827,2525.8625370788,20514.19,2349.94,5240.14,504.76,748.62,0.0,1235.6
北京市,11,2021,True,1011.0,997.9524,98.7,2295.5695,8770.6815632064,24.3,162.0,849.0,157.9524,840.0,304.3568,1991.2127,462.3092,2831.2127,269.943200006,316.0196,76.12829637,125.89031569,3149.3,8128.1,2453.3335912027,6317.3479720037,36102.6,5648.4,6943.0,2071.9,2796.8,13716.4,23215.9
厦门市,3502,2021,True,319.0,319.0,100.0,138.7212,1426.1880812754,20.3,29.0,290.0,29.0,290.0,55.9228,82.7984,84.9228,372.7984,56.4228,87.1927,10.9732,27.6329722,411.4,1122.6,356.867713474,1069.3203678014,7033.89,881.0,1060.0,1071.0,1252.0,2584.07,8876.52
吉林省,22,2021,True,886.0,982.0152,110.8,411.96,6259.357795481799,47.3,245.0,641.0,235.0152,747.0,252.337,159.623,487.3522,906.623,217.346,136.2974,115.67365287,76.77720027,3692.18,2975.89,3453.8173517067,2805.5404437751,13235.52,1144.0,3696.8,938.4,1595.4,0.0,353.54
四川省,51,2021,True,2306.0,2365.3451,102.6,1329.6719,15237.52,28.3,420.0,1886.0,397.3451,1968.0,883.9625,445.7094,1281.3076,2413.7094,777.0764,428.545,232.4554,248.2994,7261.9,9031.1,6837.65,8399.87,53850.79,4773.27,11215.56,4950.49,5714.06,24133.2,9513.6
大连市,2102,2021,True,87.0,86.0,98.9,488.7291,2369.4981322671,30.3,23.0,64.0,22.0,64.0,332.7724,155.9567,354.7724,219.9567,211.2992,58.0942,53.4286236,28.07530246,1592.31,961.83,1512.2509836432,857.2471486239,7825.9,737.6,980.05,287.84,292.61,1909.7,4248.5
天津市,12,2021,True,1141.0,1234.0,108.2,1021.823,7882.0390958824,50.2,68.0,1073.0,68.0,1166.0,421.443,600.38,489.443,1766.38,253.45,488.51,58.377546,167.948899,1951.83,6030.3,1941.8411818811,5940.1979140013,15695.05,2141.0606,3152.5478,1126.4963,1683.8509,0.0,8567.42
宁夏回族自治区,64,2021,True,108.0,105.2447,97.4,154.1739,1922.2250632705,42.5,108.0,0.0,105.2447,0.0,124.4775,29.6964,229.7222,29.6964,148.1477,51.3855,49.016,19.0045,1584.4,564.5,1419.5316646844,502.6933985861,4522.31,460.01,1427.89,146.1,115.73,1335.12,214.04
宁波市,3302,2021,True,306.0,301.0,98.4,295.3769,2548.6610819782,17.5,13.0,293.0,12.0,289.0,204.4034,90.9735,216.4034,379.9735,142.4034,66.1635,41.13741528,37.2190958976,1298.87,1434.48,1250.9395819782,1297.7215,14594.9,1723.14,1944.42,1594.59,1636.18,4649.1,11926.1
安徽省,34,2021,True,1827.0,1809.0954,99.0,1005.8848,11576.285496886,26.9,164.0,1663.0,144.0954,1665.0,585.8455,420.0393,729.9409,2085.0393,464.7726,382.7663,145.409117025,210.02532165,4599.08,7948.91,4090.875976813,7485.409520073,42959.2,3498.19,7591.05,3516.18,4681.49,21471.2,6920.2
山东省,37,2021,True,2724.0,2821.0,103.6,2089.16,17433.212176997098,21.0,150.0,2574.0,147.0,2674.0,1181.79,907.37,1328.79,3581.37,1091.353,917.16,215.88573499,309.59587276,6680.1,11597.25,6414.453570079,11018.7586069181,83095.9,7284.46,11713.16,7976.94,9720.64,33714.5,29304.1
山西省,14,2021,True,859.0,839.1581,97.7,306.35,5413.658689260599,24.0,268.0,591.0,256.1581,583.0,244.5,61.85,500.6581,644.85,253.8837,90.8787,85.15801545999999,76.58153146,2924.05,2767.99,2758.9762726316,2654.682416629,22590.16,2834.47,5046.62,980.45,1353.94,7747.3,2230.3
广东省,44,2021,True,3610.0,3540.4603,98.1,2633.3011,18994.87,15.3,366.0,3244.0,351.4603,3189.0,1403.6129,1229.6882,1755.0732,4418.6882,621.225,990.4297,204.3357753,325.2761237,7427.80823162045,12591.0755066798,6869.41,12125.46,124369.67,14105.0365,18247.0084,8491.9052,9647.5726,44187.71,82680.3
广西壮族自治区,45,2021,True,1111.0,1062.2383,95.6,560.2003,8561.154088977299,34.6,326.0,785.0,290.2383,772.0,301.2125,258.9878,591.4508,1030.9878,317.8867,358.0971,144.31701934999998,135.929940095,4613.45,4443.8,4389.7278463007,4171.4262426766,24740.86,1800.15,5806.54,1729.18,2133.63,0.0,0.0
新疆生产建设兵团,66,2021,True,122.0,120.0,98.4,354.447,988.47,29.1,82.0,40.0,80.0,40.0,195.633,158.814,275.633,198.814,0.0,0.0,9.96423828,15.99810712,454.0,524.0,460.2041,528.2659,3395.61,,,,,817.08,0.0
新疆维吾尔自治区,65,2021,True,1206.0,1063.0,88.1,393.4,6647.063134974,41.6,397.0,809.0,297.0,766.0,292.7,100.7,589.7,866.7,364.99,107.41,131.14735665,82.777075,4634.01,3559.88,3808.148925359,2838.914209615,15983.65,1618.6,5376.9,606.1,1218.0,3584.62,242.98
江苏省,32,2021,True,1816.0,1787.0,98.4,1914.85,18963.758556522902,16.3,297.0,1519.0,289.0,1498.0,1019.01,895.84,1308.01,2393.84,917.0866,984.8979,241.4247277,363.6769547,8197.98,12625.16,7167.5064133657,11796.2521431572,116364.2,10015.16,14585.96,13632.95,12957.8,0.0,52130.59
江西省,36,2021,True,1742.0,1776.7837,102.0,513.9556,9013.3350967136,30.4,322.0,1420.0,301.7837,1475.0,361.0154,152.9402,662.7991,1627.9402,289.4565,141.2494,117.3147,140.55104407,4279.55,5761.89,3765.4129584158,5247.9221382978,29619.7,2812.23,6778.87,2972.54,3597.96,12206.7,4980.4
河北省,13,2021,True,2400.0,2456.5273,102.4,832.0699999999999,13226.4526350712,32.7,524.0,1876.0,510.5273,1946.0,620.88,211.19,1131.4073,2157.19,721.31,350.24,199.32202716,199.420371,6975.84,7866.26,5998.4666145193,7227.9860205519,40391.2,4075.0,8156.0,3281.3,2558.0,13509.9,5415.6
河南省,41,2021,True,2408.0,2354.8522,97.8,1058.5040000000001,12395.258449137,21.0,384.0,2024.0,373.8522,1981.0,761.964,296.54,1135.8162,2277.54,570.9337,259.8432,174.07090885,179.7935,6398.5287,7860.4567,5456.1183318806,6939.1401172564,58887.4,4353.92,9784.29,3368.07,3940.91,24381.7,8208.1
浙江省,33,2021,True,2347.0,2310.0,98.4,1329.4,14878.17,20.2,373.0,1974.0,364.0,1946.0,745.1,584.3,1109.1,2530.3,680.7104,559.4674,196.96026574,249.83026824,6044.4,9255.6,5882.74,8995.43,73516.0,6539.5,9070.17,10052.69,10759.46,29211.0,41429.0
海南省,46,2021,True,446.0,437.5059,98.1,258.0504,3007.9039761189,46.5,125.0,321.0,119.5059,318.0,201.86,56.1904,321.3659,374.1904,212.6836,95.3672,52.082229045,39.38278213,1718.51,1538.89,1599.3829930156,1408.5209831033,6475.2,921.1557,1971.3662,394.1096,538.4208,2497.62,1476.78
深圳市,4403,2021,True,529.0,529.0,100.0,57.2,1419.9746,4.6,12.0,517.0,12.0,517.0,57.2,0.0,69.2,517.0,21.6,25.2496,2.3331,29.4898,278.71,1347.47,115.8793,1304.0953,30664.85,4257.6972,4570.2233,1373.6834,1087.3251,9498.12,35435.57
湖北省,42,2021,True,2038.0,2068.0675,101.5,941.9802999999999,11932.2238089979,23.9,460.0,1578.0,453.0675,1615.0,434.2761,507.7042,887.3436,2122.7042,487.2196,673.4953,159.67755349,191.02914247,5412.19,7126.1,5066.7469961682,6865.4768128297,50012.94,3283.3208,7933.6739,3912.8972,4639.6447,21561.37,5374.4
湖南省,43,2021,True,1678.0,1637.7134,97.6,1358.7433999999998,13605.4284055182,29.5,351.0,1327.0,333.7134,1304.0,832.7461,525.9973,1166.4595,1829.9973,773.6682,440.0,239.9658112568,190.3259382,7089.02,6749.89,6904.9507055182,6700.4777,46063.1,3250.7,8325.5,3808.0,4449.2,18596.9,5988.6
甘肃省,62,2021,True,870.0,986.5896,113.4,269.23900000000003,4896.0735979478995,47.8,196.0,674.0,186.5896,800.0,158.049,111.19,344.6386,911.19,164.0138,137.1528,71.99023634,72.115132435,2394.26,2827.53,2282.8652439172,2613.2083540307,10243.3,1001.8589,4032.5582,595.662,1233.8342,4037.1,490.9
福建省,35,2021,True,1330.0,1377.8754,103.6,812.6489,8665.2781102707,17.8,163.0,1167.0,160.8754,1217.0,385.8706,426.7783,546.746,1643.7783,302.6984999998,450.9223000002,101.79484656,166.38253139,3530.28,6223.92,3128.8186817752,5536.4594284955,48810.36,2502.44,4144.72,2271.61,2903.71,20373.11,18449.58
西藏自治区,54,2021,True,100.0,99.09,99.1,63.22,495.683634,,52.0,48.0,51.0,48.09,53.22,10.0,104.22,58.09,41.6073,0.0,9.41940864,3.8031795,397.31,157.0,340.683634,155.0,,,,,,,
贵州省,52,2021,True,707.0,690.4398,97.7,1585.3419,11872.2854177244,60.6,170.0,537.0,162.4398,528.0,882.6029,702.739,1045.0427,1230.739,782.8367,610.4611,225.1939,177.99988191,6749.27,5616.08,6471.3977401386,5400.8876775858,19586.42,1969.39,5590.01,2380.7,2679.4,8904.27,653.94
辽宁省,21,2021,True,540.0,433.0,80.2,1449.4264,7883.0482702193,28.6,78.0,462.0,76.0,357.0,1027.6247,421.8017,1103.6247,778.8017,880.7891999994,298.9790000001,180.39322227,80.214680255,5761.02,2949.33,5371.5638936792,2511.4843765401,27584.0,2765.6,5879.2,1185.2,1309.1,9783.9,7724.0
重庆市,50,2021,True,1361.0,1341.0,98.5,1176.63,8609.505532487,30.9,129.0,1232.0,126.0,1215.0,648.25,528.38,774.25,1743.38,387.7,319.2,92.671629,153.7881165,3215.6,5687.8,3064.925532487,5544.58,27894.02,2285.45,4835.11,2357.94,1419.32,13967.67,8000.6
陕西省,61,2021,True,1123.0,1145.3451,102.0,1051.2524,8684.9703727075,29.1,324.0,799.0,311.3451,834.0,629.2548,421.9976,940.5999,1255.9976,536.3001,379.339,141.1745,124.0455,4906.84,4671.31,4372.318283851,4312.6520888565,29800.98,2775.4,6069.2,2385.3,2752.7,10250.5,4757.75
青岛市,3702,2021,True,520.0,520.0,100.0,201.31,2559.0709667699,18.1,77.0,443.0,77.0,443.0,127.14,74.17,204.14,517.17,127.2599,92.281,31.43298813,44.81657787,1142.65,1723.6,952.1531876109,1606.917779159,14136.46,1368.2892,1706.7635,1192.7276,1480.4981,5975.4,8498.4
青海省,63,2021,True,364.0,267.6462,73.5,236.2106,2787.1910895572,83.3,207.0,157.0,197.1012,70.545,183.7313,52.4793,380.8325,123.0243,144.7874,26.8639,68.38920885,19.83702765,2296.9,777.8,2153.8888895572,633.3022,3346.63,328.8,1854.5,199.3,258.8,947.84,31.3
黑龙江省,23,2021,True,774.0,885.6686,114.4,501.2894,6534.536775126,43.9,408.0,366.0,397.6686,488.0,382.8064,118.483,780.475,606.483,386.126,135.49,159.7122949554,62.6620136002,4535.43,2138.18,4433.7424564891,2100.7943186369,14879.2,1300.5113,5104.8145,370.3372,755.3189,5542.9,1995.0
上海市,31,2022,True,768.0,781.0,101.7,1021.0999999999999,8538.6232935942,19.1,228.0,540.0,234.0,547.0,553.9,467.2,787.9,1014.2,355.4,253.4,102.47835,143.1052,4867.5,6435.6,3541.3232935942,4997.3,44652.8,7608.2,9393.2,4041.5,3736.5,16442.14,41902.75
云南省,53,2022,True,986.0,1317.6702,133.6,1138.4596999999999,12128.3790484278,41.9,199.0,787.0,202.6702,1115.0,832.7066,305.7531,1035.3768,1420.7531,933.3299999999999,377.25,199.723371795,194.8440325,6644.66,6520.39,5769.8182163477,6358.5608320801,28954.2,1949.46,6699.79,620.82,1838.8,10838.84,3342.3
内蒙古自治区,15,2022,True,546.0,541.5985000000001,99.2,840.1785,9339.7678000788,40.3,268.0,278.0,263.5985,278.0,627.5838,212.5947,891.1823,490.5947,676.3288,261.518,222.82820409,94.5955,7127.09,2852.11,6584.8322,2754.9356000788,23159.0,2824.3909,5887.6967,407.6765,678.5265,4971.4,1523.6
北京市,11,2022,True,938.0,938.0,100.0,1993.6191000000001,10565.332609966199,25.7,149.0,789.0,149.0,789.0,139.5351,1854.084,288.5351,2643.084,392.248,744.2352,82.39443711,208.57080355,3294.3,8908.1,2349.1358379625,8216.1967720037,41045.6,5714.4,7469.2,2227.5,2642.1,14867.7,30438.4
厦门市,3502,2022,True,325.0,347.0,106.8,53.039,1767.7680650051,22.7,23.0,302.0,23.0,324.0,13.039,40.0,36.039,364.0,18.439,40.0,12.28337088,39.69880334,434.4,1424.6,374.4563637022,1393.3117013029,7802.66,883.81,1088.74,1003.1,1298.88,2665.36,9225.59
吉林省,22,2022,True,861.0,923.3497,107.2,601.7850000000001,7167.6262604906005,54.8,203.0,658.0,205.3497,718.0,399.557,202.228,604.9067,920.228,404.8407,213.5249,124.99975683,109.17175973,3895.18,3653.89,3655.5917354673,3512.0345250233,13070.24,851.0,4044.0,365.7,1233.7,0.0,1558.54
四川省,51,2022,True,2261.0,2657.3956,117.5,1215.5974,17705.4307745934,31.3,379.0,1882.0,387.3956,2270.0,796.714,418.8834,1184.1096,2688.8834,848.511,560.697,249.904724965,328.736597625,7640.9,10866.1,7177.3713745934,10528.0594,56610.2,4880.5,11914.7,4780.5,6595.8,24104.6,10076.7
大连市,2102,2022,True,191.0,192.0,100.5,275.1685,2544.8995636579,30.2,20.0,171.0,21.0,171.0,154.9225,120.246,175.9225,291.246,155.432,136.1754,56.317882725,34.267391255,1612.31,1120.83,1532.6659331576,1012.2336305003,8430.9,669.8,991.1,170.1,338.3,0.0,4792.1
天津市,12,2022,True,908.0,792.6323,87.3,653.9442,8645.5505534305,53.0,54.0,854.0,51.5523,741.08,240.133,413.8112,291.6853,1154.8912,240.17,444.3100000001,65.6601023,212.392517,2005.83,6884.3,1994.7714394305,6650.779114,16311.34,1846.6866,2729.8298,1776.7182,1119.5662,0.0,8448.52
宁夏回族自治区,64,2022,True,98.0,102.8372,104.9,155.0,1996.797940813,39.4,90.0,8.0,84.8372,18.0,120.0,35.0,204.8372,53.0,138.5317,49.1922,51.99493692,18.5000173,1674.4,562.5,1490.2967422269,506.5011985861,5069.57,460.1,1587.8,129.2,134.0,1338.44,257.38
宁波市,3302,2022,True,364.0,369.0,101.4,225.7526,2885.5048811733,18.4,11.0,353.0,12.0,357.0,153.4726,72.28,165.4726,429.28,153.4726,104.305,43.44837572,48.41575783,1309.87,1731.48,1262.8083811733,1622.6965,15704.3,1680.2309,2187.8133,1205.0253,1457.2992,4896.7,12671.3
安徽省,34,2022,True,1823.0,1832.5218,100.5,861.9318000000001,13304.1115766882,29.5,144.0,1679.0,125.5218,1707.0,441.8668,420.065,567.3886,2127.065,454.0195,525.5516,146.72015542,284.82848669,4743.08,9627.91,4217.2289436881,9086.8826330001,45045.0,3589.14,8379.78,3091.03,4689.49,21518.4,7530.6
山东省,37,2022,True,3115.0,3111.0,99.9,1411.3899999999999,20508.3910328905,23.5,134.0,2981.0,130.0,2981.0,762.5,648.89,892.5,3629.89,774.6953,676.2841000000001,220.1652,420.34205596000004,6814.1,14211.25,6536.1183034578,13972.2727294327,87435.1,5830.7916,10432.4688,5184.5615,7746.0668,33236.2,33324.9
山西省,14,2022,True,821.0,926.7094,112.9,421.951,6285.7913502564,24.5,238.0,583.0,242.7094,684.0,209.481,212.47,452.1904,896.47,227.491,249.52,93.37025794,103.1344517012,3162.05,3343.99,2984.2403444904,3301.551005766,25642.59,3453.9927,5876.4956,628.9755,1476.3962,7562.7,1845.6
广东省,44,2022,True,4013.0,4078.6381,101.6,1207.0506,22988.24,17.8,345.0,3668.0,355.6381,3723.0,575.3049,631.7457,930.943,4354.7457,621.6541,650.1257,239.235054535,475.900066125,7772.80823162045,16259.0755066798,7177.46,15810.78,129118.58,13279.73,18509.93,5196.19,8587.23,44882.92,83102.9
广西壮族自治区,45,2022,True,1039.0,1173.6529,113.0,789.792,9722.3849013416,37.0,287.0,752.0,281.6529,892.0,543.9532,245.8388,825.6061,1137.8388,554.9569,256.4859,163.51340658,169.69592135,4900.45,5183.8,4671.1080640087,5051.2768373329,26300.87,1687.72,5893.89,1111.27,1910.69,8539.09,6603.53
新疆生产建设兵团,66,2022,True,138.0,140.0,101.4,4.2131,1132.6831000000002,32.4,78.0,60.0,80.0,60.0,3.3211,0.892,83.3211,60.892,0.0,0.0,15.97529168,20.79757882,532.0,584.0,543.5252,589.1579,3500.71,,,,,745.39,0.0
新疆维吾尔自治区,65,2022,True,1400.0,1393.6,99.5,321.02,7868.3509474564,44.4,356.0,1044.0,283.6,1110.0,257.45,63.57,541.05,1173.57,385.6,109.5,139.70125465,117.758742,4990.01,4609.88,3965.3704130535,3902.9805344029,17741.34,1688.0,5712.04,469.29,1431.2,3240.48,366.84
江苏省,32,2022,True,1778.0,2022.0,113.7,1791.63,20694.0497528574,16.8,254.0,1524.0,262.0,1760.0,1091.26,700.37,1353.26,2460.37,1127.2375,952.5437,248.04900426,429.85067523,8451.98,14142.16,7390.9951276005,13303.0546252569,122875.6,9258.8829,14901.3694,11478.5823,11606.1848,42752.1,54454.9
江西省,36,2022,True,1770.0,2011.4134,113.6,577.8762,10856.0935390077,33.8,295.0,1475.0,278.4134,1733.0,466.9895,110.8867,745.4029,1843.8867,478.6681,276.2309,138.19,205.85774728,4574.55,7219.89,4040.565628,6815.5279110077,32074.8,2948.3,7289.1,2252.0,3479.2,12853.5,6713.0
河北省,13,2022,True,2372.0,2784.9649,117.4,792.8199999999999,15749.0910891233,37.2,478.0,1894.0,490.9649,2294.0,493.08,299.74,984.0449,2593.74,572.55,480.437,218.824248385,283.6266955,7453.84,9705.26,6409.0288402868,9340.0622488365,42370.4,4438.5,8755.8,3092.6,3376.4,13720.1,5629.0
河南省,41,2022,True,2523.0,2777.4154,110.1,1222.2209,15130.3906568717,24.7,343.0,2180.0,297.4154,2480.0,801.9573,420.2636,1099.3727,2900.2636,806.461,483.7691,189.93398756,265.94498808,6741.5287,9692.4567,5774.9967941936,9355.3938626781,61345.05,4261.64,10644.64,2213.21,3966.75,24407.41,8524.1
浙江省,33,2022,True,2567.0,2604.0,101.4,1080.0,17283.32,22.2,330.0,2237.0,339.0,2265.0,554.1,525.9,893.1,2790.9,590.8602,687.0959,207.08577561,334.11744388,6374.4,11301.6,6184.07,11099.25,77715.0,6359.62,9829.97,8863.95,9896.71,30467.0,46837.0
海南省,46,2022,True,455.0,529.0,116.3,242.2783,3486.6305023447,,107.0,348.0,110.0,419.0,161.0868,81.1915,271.0868,500.1915,174.5282,117.2888,55.1755442,52.46391612,1367.9,2335.5,1695.2169316014,1791.4135707433,0.0,832.4,2097.4,469.9,878.0,2268.35,2009.47
深圳市,4403,2022,True,,665.0,,53.8771,2082.88026,6.4,,,11.0,654.0,0.0,53.8771,11.0,707.8771,0.0,55.89214,3.491629525,50.340751048,,,126.8,1956.08026,32387.68,4012.439,4997.3834,1025.7607,1496.7529,9708.28,36737.52
湖北省,42,2022,True,2001.0,2238.1973,111.9,707.2117000000001,13900.1068470627,25.9,395.0,1606.0,390.1973,1848.0,390.9019,316.3098,781.0992,2164.3098,493.7386,488.4009,174.36959388,258.97864854,5807.19,8718.1,5359.1888133752,8540.9180336875,53734.92,3281.1345,8623.8734,2870.8363,4600.3506,22164.8,6170.8
湖南省,43,2022,True,1781.0,1799.4279000000001,101.0,1007.7213,15407.664728457501,31.7,318.0,1463.0,313.4279,1486.0,716.3218,291.3995,1029.7497,1777.3995,716.4,293.0,244.6133067504,261.00143507,7407.02,8184.89,7222.7875284575,8184.8772,48670.399999999994,3101.8,8991.6,3192.0,4272.3,19050.7,7058.2
甘肃省,62,2022,True,1168.0,1247.2788,106.8,249.9114,6086.942113677,54.3,175.0,993.0,167.2788,1080.0,177.7848,72.1266,345.0636,1152.1266,215.9141,91.9441,79.750742135,105.008968875,2569.3,3821.5,2413.5576700521,3673.3844436249,11201.6,907.6,4257.2,370.9,1463.6,3922.2,584.2
福建省,35,2022,True,1320.0,1651.2072,125.1,524.6629,10135.3477519771,19.1,145.0,1175.0,144.2072,1507.0,336.1166,188.5463,480.3238,1695.5463,420.0912,286.1213,111.59081101,215.4385612,3675.2811,7322.9189,3189.8670959756,6945.4806560015,53109.85,2455.4,4602.47,1628.21,2875.73,21050.12,19828.55
西藏自治区,54,2022,True,91.0,75.64,83.1,50.040000000000006,567.934634,26.6,50.0,41.0,51.0,24.64,44.02,6.02,95.02,30.66,44.339,9.09,11.87493294,5.770946,447.31,198.0,391.364634,176.57,2132.64,3728.5557,2592.9751,34.7632,5.1547,726.52,46.01
贵州省,52,2022,True,587.0,631.0613,107.5,1451.1282,12472.8460906474,61.9,146.0,441.0,148.0613,483.0,911.3369,539.7913,1059.3982,1022.7913,938.8642,540.2806,231.479,200.198424705,6895.27,6067.08,6591.4263216416,5881.4197690058,20164.58,1886.41,5851.36,2041.26,2312.86,8507.14,801.24
辽宁省,21,2022,True,420.0,560.9119000000001,133.6,996.1729,8431.1745927169,29.1,90.0,330.0,71.9119,489.0,794.5256,201.6473,866.4375,690.6473,801.3959,201.7,187.4662,98.39260302,5831.02,3154.33,5431.2914108132,2999.8831819037,28975.0,2525.1,6261.4,524.4,1119.0,9526.2,7907.3
重庆市,50,2022,True,1268.0,1467.0,115.7,649.8,10071.0697267573,36.1,0.0,1268.0,113.0,1354.0,391.13,258.67,504.13,1612.67,391.14,267.04,102.593084,220.72590777,3325.0,6956.0,3180.8597267573,6890.21,27894.0,2285.0,4835.0,2358.0,2953.0,13967.7,1238.3
陕西省,61,2022,True,1241.0,1248.7102,100.6,685.4291000000001,9786.84695404,29.9,287.0,954.0,283.7102,965.0,357.8118,327.6173,641.522,1292.6173,398.8596,437.1575,152.9442,165.2122,5193.84,5396.31,4620.3020738052,5166.5448802348,32772.68,3311.57,6760.98,1968.99,2926.93,10401.61,4835.34
青岛市,3702,2022,True,556.0,556.0,100.0,146.3,3079.6270790006,20.6,68.0,488.0,68.0,488.0,91.47,54.83,159.47,542.83,91.4979,90.125,33.6583329,62.75192847,1210.65,2179.6,1020.0988229795,2059.5282560211,14920.75,1273.3096,1696.2,896.3,1331.8,5891.8,9117.2
青海省,63,2022,True,212.0,306.42769999999996,144.5,188.5662,3044.277116519,84.3,165.0,47.0,170.0,136.4277,175.3195,13.2467,345.3195,149.6744,175.8299,62.2585,76.22322528,23.64312425,2461.9,798.8,2323.559016519,720.7181,3610.1,329.1,1975.1,92.58,206.91,842.1,43.0
黑龙江省,23,2022,True,737.0,772.0,104.7,500.8901,7290.9340480170995,45.9,329.0,408.0,339.0,433.0,397.0015,103.8886,736.0015,536.8886,397.3345,114.8752,168.6443985454,80.5632456402,4864.43,2546.18,4766.1792638336,2524.7547841835,15901.0,1290.6637,5451.9886,152.9194,552.2807,5210.0,2651.5
上海市,31,2023,True,387.0,617.0,159.4,502.6,8832.278626653,18.7,217.0,170.0,217.0,400.0,304.2,198.4,521.2,598.4,386.9,438.9,112.28456,164.92962,4101.2,5805.0,3675.478626653,5156.8,47218.66,8312.5,9638.5,3466.7,2997.7,18515.5,42121.61
云南省,53,2023,True,1213.0,1203.8836000000001,99.2,2498.4931,14464.3919,48.2,204.0,1009.0,194.8836,1009.0,1869.0169,629.4762,2063.9005,1638.4762,791.81,586.81,195.5425,220.0737,7446.96,7516.39,7057.002,7407.3899,30021.12,2149.439,6730.08,653.0654,1683.75,11560.68,367.75
内蒙古自治区,15,2023,True,735.0,726.0689,98.8,2257.9185,11070.888181016799,45.0,266.0,469.0,257.0689,469.0,1991.4256,266.4929,2248.4945,735.4929,1108.1817,144.4967,220.79917106,98.7291,7995.49,3432.61,7724.956380938,3345.9318000788,24627.0,3083.64,6836.24,478.3,959.73,5374.3,1965.3
北京市,11,2023,True,1117.0,1117.0,100.0,595.5175,11376.0840231528,26.0,168.0,949.0,168.0,949.0,205.65,389.8675,373.65,1338.8675,262.4912,638.8036,77.4682,253.3424,3022.2,9857.1,2459.8233511491,8916.2606720037,43760.7,6181.1,7971.6,2110.3,2737.1,14462.7,36466.3
厦门市,3502,2023,True,353.0,353.0,100.0,83.4229,2120.752279928,26.3,19.0,334.0,19.0,334.0,69.4229,14.0,88.4229,348.0,69.4229,14.0,12.69323308,48.08850334,403.7,1727.4,393.444409097,1727.307870831,8066.48,932.14,1084.0,675.59,941.9,4474.49,9470.44
吉林省,22,2023,True,1096.0,835.8032000000001,76.3,1543.17,8871.460478131801,65.6,205.0,891.0,204.8032,631.0,957.11,586.06,1161.9132,1217.06,422.0899,245.1503,125.121858,123.47906200000001,4417.58,4758.09,4387.5944215926,4483.8660565392,13531.19,1074.8,4406.8,589.0,1312.1,0.0,1679.09
四川省,51,2023,True,2575.0,2565.375,99.6,1903.0821999999998,20269.7,33.7,385.0,2190.0,375.375,2190.0,1041.8316,861.2506,1417.2066,3051.2506,982.98,925.1662,255.557255235,386.69837593,7905.4,13031.3,7615.6,12654.1,60132.9,5529.1,12731.7,4515.6,6209.7,26313.4,9574.9
大连市,2102,2023,True,222.0,222.0,100.0,448.53319999999997,2897.6301498859,33.1,17.0,205.0,17.0,205.0,361.8039,86.7293,378.8039,291.7293,252.2173,65.4293,55.07365841,38.159544265,1663.19,1250.73,1659.1790581785,1238.4510917074,8752.9,750.24,1013.5,144.68,266.22,2008.6,4552.8
天津市,12,2023,True,1007.0,1206.8337999999999,119.8,2405.2993,11117.5917532643,66.4,254.0,753.0,252.9138,953.92,911.95,1493.3493,1164.8638,2447.2693,230.54,911.80995,64.79347907,223.71117132,3157.83,8488.3,2931.3532892643,8186.238464,16737.3,2027.5112,3280.4209,2776.4718,2179.0535,0.0,8004.74
宁夏回族自治区,64,2023,True,150.0,137.0741,91.4,325.84999999999997,2243.859998804,42.2,90.0,60.0,77.0741,60.0,276.2,49.65,353.2741,109.65,167.3522,57.9761,51.90485652,18.41422672,1762.2,610.9,1685.684900218,558.175098586,5314.95,502.31,1751.38,100.84,136.3,1354.95,205.4
宁波市,3302,2023,True,360.0,360.0,100.0,249.6133,3248.9033151317,19.7,9.0,351.0,9.0,351.0,157.6733,91.94,166.6733,442.94,146.4733,99.37,42.82525867,60.51555383,1287.47,2010.88,1282.6368151317,1966.2665,16452.8,1785.76,2235.09,902.21,1227.98,5212.6,12779.3
安徽省,34,2023,True,1879.0,1862.7149,99.1,2620.7086,15713.358164376,33.4,138.0,1741.0,121.7149,1741.0,936.1101,1684.5985,1057.825,3425.5985,669.3961,1409.2933,146.24804,322.70741305,4687.88,11286.71,4610.280706584,11103.077457792,47050.6,3939.2,8643.6,2305.3,4064.0,23008.3,8052.2
山东省,37,2023,True,3195.0,3191.715,99.9,2322.38,23900.7060177026,26.0,114.0,3081.0,110.715,3081.0,1047.64,1274.74,1158.355,4355.74,953.603016,1169.66,217.63329394,495.68728541,6871.4,17209.25,6742.6024792683,17158.1035384343,92068.7,6126.9155,10862.9395,4394.5396,7245.8932,36141.8,32642.6
山西省,14,2023,True,829.0,823.3139,99.3,445.74,7082.2974896722,27.6,226.0,603.0,220.3139,603.0,322.59,123.15,542.9039,726.15,338.2258,136.0856,98.54797263,117.6321022006,3301.35,3920.09,3190.7598774996,3891.5376121726,25698.19,3479.37,6345.61,601.77,1197.68,7981.8,1693.7
广东省,44,2023,True,4321.0,4317.6591,99.9,1871.0499,27187.164602104,20.0,326.0,3995.0,322.6591,3995.0,855.4117,1015.6382,1178.0708,5010.6382,876.5333,1104.9295,250.42325432,577.61640533,7724.80823162045,19818.9755066798,7495.974258503,19691.190343601,135673.17,13850.78,18527.03,4501.89,8244.75,47494.86,83040.7
广西壮族自治区,45,2023,True,1349.0,1245.1887,92.3,1962.0553,11551.503677681001,42.5,305.0,1044.0,261.3887,983.8,1158.4868,803.5685,1419.8755,1787.3685,812.2426,571.1762,161.93190456,194.00442029,5395.45,6397.9,5284.353017012,6267.150660669,27202.39,1783.7987,6102.58,880.66,1502.53,8651.57,6936.49
新疆生产建设兵团,66,2023,True,140.0,140.0,100.0,22.5736,1279.2567,34.6,80.0,60.0,80.0,60.0,19.7596,2.814,99.7596,62.814,16.0,0.0,18.8446,22.0191,612.0,644.0,627.2848,651.9719,3696.58,,,,,880.35,0.0
新疆维吾尔自治区,65,2023,True,1468.0,1324.92,90.3,402.7,8966.4536764382,46.9,359.0,1109.0,275.92,1049.0,280.7,122.0,556.62,1171.0,465.79,159.21,139.07537465,143.009,5237.91,5645.38,4052.2383135765,4914.2153628617,19125.91,1945.09,6033.24,488.73,1406.42,3849.68,506.79
江苏省,32,2023,True,2037.0,2037.0,100.0,2542.85,22732.83,17.7,214.0,1823.0,214.0,1823.0,1132.5,1410.35,1346.5,3233.35,1066.0866,1469.3979,255.10171995,470.87886085,8171.28,15678.96,7667.02,15065.81,128222.2,9930.18,15242.28,10316.13,10534.68,45547.5,52493.8
江西省,36,2023,True,1818.0,1792.0771,98.6,937.3297,12709.1053604819,39.5,282.0,1536.0,256.0771,1536.0,394.4301,542.8996,650.5072,2078.8996,353.8782,531.9745,142.1869,245.64474228,4455.45,8518.29,4346.7051174321,8362.4002430498,32200.1,3059.6,7492.9,2116.5,3112.3,13659.8,5697.7
河北省,13,2023,True,2543.0,2543.0,100.0,1658.67,18427.403552101,41.9,461.0,2082.0,461.0,2082.0,880.83,777.84,1341.83,2859.84,788.91,717.637,223.43494003,333.0837446,7322.44,11737.16,6946.992220574,11480.411331527,43944.1,4286.6,9606.2,2230.3,3925.2,15040.5,5818.4
河南省,41,2023,True,2437.0,2442.3437,100.2,1636.6628,17892.7925,30.3,326.0,2111.0,331.3437,2111.0,826.5488,810.114,1157.8925,2921.114,676.2428,643.2641,191.126088,327.757651,6309.33,11737.36,6259.715998,11633.076502,59132.39,4518.1,11052.5371,1932.1569,3649.656,26004.45,8107.88
浙江省,33,2023,True,2580.0,2580.0,100.0,1358.59,19637.0467353315,23.8,277.0,2303.0,277.0,2303.0,721.28,637.31,998.28,2940.31,780.6528,803.4255,214.32021673,383.22657755000006,6577.6,13464.8,6400.9404202835,13236.106315048,82553.0,6814.65,10117.99,7460.91,8405.54,32550.0,48998.0
海南省,46,2023,True,607.0,610.7446,100.6,318.1729,4106.1401045381,,102.0,505.0,105.7446,505.0,141.9328,176.2401,247.6774,681.2401,135.0,173.3224,56.81092725,62.35378313,1862.9088,2349.7912,1806.8138899748,2299.3262145633,0.0,900.7,2249.0,463.9,944.6,2511.3,2312.8
深圳市,4403,2023,True,,627.0,,55.6226,2692.432675,7.8,,,9.0,618.0,18.0,37.6226,27.0,655.6226,21.0,52.070185,3.78982,67.2956507215,,,132.8,2559.632675,34606.4,4112.9194,5012.4309,875.5349,1369.4044,10486.19,38710.7
湖北省,42,2023,True,2025.0,2019.8122,99.7,1136.2336,15625.7213466962,28.0,380.0,1645.0,374.8122,1645.0,513.5638,622.6698,888.376,2267.6698,603.4502,829.9033,179.758720425,300.97265843,6046.29,10351.4,5647.0898366242,9978.631510072,55803.63,3692.79,9299.07,2884.77,3955.46,24041.89,6449.7
湖南省,43,2023,True,1730.0,1717.5155,99.3,2962.6377,18216.3184452386,36.4,320.0,1410.0,307.5155,1410.0,1571.6617,1390.976,1879.1772,2800.976,1070.1378,811.36214,255.0243,299.1275,8213.0,10215.3,8041.8273852386,10174.49106,50012.85,3360.51,9581.12,2621.86,3664.88,20203.34,6175.0
甘肃省,62,2023,True,889.0,886.7757,99.7,733.0726999999999,7107.0225442077,59.9,176.0,713.0,173.7757,713.0,470.8305,262.2422,644.6062,975.2422,313.2037,284.7388,80.866544,132.57007306,2838.1566840016,4420.134693,2743.1552354908,4363.8673087169,11863.9,1003.4625,4518.5276,368.5465,1005.2381,4329.7,491.7
福建省,35,2023,True,1406.0,1403.4859,99.8,999.0742,11690.1235718681,21.5,122.0,1284.0,119.4859,1284.0,459.6766,539.3976,579.1625,1823.3976,366.3769,482.3735000005,110.1348941,258.276682375,3697.38,8503.62,3403.6233588672,8286.5002130009,54355.1,2659.91,4774.74,1395.09,2641.48,22109.57,19743.5
西藏自治区,54,2023,True,102.0,120.36,118.0,15.33,681.729634,,50.0,52.0,50.0,70.36,10.0,5.33,60.0,75.69,15.95,5.94,12.80030924,6.107802,450.6,250.0,435.414634,246.315,0.0,236.62,2809.02,37.78,126.78,879.8,109.78
贵州省,52,2023,True,667.0,542.1408,81.3,3586.2021999999997,15124.692407304901,72.3,146.0,521.0,145.2604,396.8804,2439.5506,1146.6516,2584.811,1543.532,942.6749,531.5875,227.33220588,213.826524775,8840.17,7331.38,8231.3414132991,6893.3509940058,20913.25,2078.37,6203.7,2282.04,2339.88,9011.17,759.79
辽宁省,21,2023,True,882.0,680.6047,77.2,2114.4647999999997,9972.7180488831,33.0,81.0,801.0,79.6047,601.0,1669.1984,445.2664,1748.8031,1046.2664,944.3623,304.6857,179.63311528,115.826307365,6273.94,3943.63,6232.9031190035,3739.8149298796,30209.4,2755.3,6574.8,448.6,1166.3,10362.1,7659.6
重庆市,50,2023,True,1469.0,1468.2,99.9,1531.3600000000001,12257.7568443588,40.7,114.0,1355.0,113.2,1355.0,712.47,818.89,825.67,2173.89,291.0,520.0,101.8011108,257.72131124,3737.6,8549.4,3713.6561443588,8544.1007,30145.79,2441.0,5305.0,1879.0,2970.0,15130.0,0.0
陕西省,61,2023,True,1185.0,1164.22,98.2,972.5157999999999,10855.374727352999,32.1,290.0,895.0,269.22,895.0,523.5173,448.9985,792.7373,1343.9985,547.3233,524.8702,160.000589865,186.99038024,5157.94,6208.51,4871.51388944,5983.860837913,33786.07,3437.36,7180.88,1785.54,2635.83,10759.01,4042.06
青岛市,3702,2023,True,556.0,556.0,100.0,240.8,3620.0071582515,23.0,57.0,499.0,57.0,499.0,116.09,124.71,173.09,623.71,116.1146,140.0298,34.25755295,73.69169269,1077.45,2573.5,1076.8870582515,2543.1201,15760.34,1338.0,1719.0,531.0,982.0,6318.9,8760.0
青海省,63,2023,True,213.0,208.7873,98.0,360.9902,3337.4183910915,87.8,166.0,47.0,161.7873,47.0,297.8992,63.091,459.6865,110.091,245.455,30.27,78.6702111,25.64902643,2546.5,819.4,2536.8792910915,800.5391,3799.06,381.34,2188.72,70.33,136.82,987.73,48.7
黑龙江省,23,2023,True,921.0,921.0,100.0,1181.7803,8497.2934801739,53.5,325.0,596.0,325.0,596.0,791.2563,390.524,1116.2563,986.524,559.7117,333.4151,174.1493127004,90.5325681302,5329.430192,3190.976241,5322.0652490561,3175.2282311178,15883.9,1396.1466,5776.4403,148.1837,681.3177,0.0,2978.3
上海市,31,2024,True,597.0,597.0,100.0,756.9970000000001,9090.874486,16.9,217.0,380.0,217.0,380.0,431.8,325.197,648.8,705.197,377.3,717.9,114.00287,163.189863,4258.2,6037.0,3946.777486,5144.097,53926.71,8374.2,9874.8,3202.8,2881.1,17940.19,42680.87
云南省,53,2024,True,1029.0,1016.4138,98.8,2020.5777,16319.1755,51.8,198.0,831.0,185.4138,831.0,711.9855,1308.5922,897.3993,2139.5922,731.47,427.74,227.443,242.83,7559.96,10992.39,7210.804,9108.3715,31534.1,2193.68,6862.92,742.71,1748.14,12490.84,2487.5
内蒙古自治区,15,2024,True,510.0,490.1212,96.1,1372.4895,12099.6086568797,46.0,265.0,245.0,245.1212,245.0,753.6895,618.8,998.8107,863.8,803.9167,33.7,250.74128111,113.22080368,8208.49,5393.61,7923.5768568009,4176.0318000788,26314.6,3150.5713,6916.7077,520.6545,887.2196,5615.3,2073.1
北京市,11,2024,True,1216.0,1216.0,100.0,1426.016,12579.8091098763,25.2,168.0,1048.0,168.0,1048.0,393.5042,1032.5118,561.5042,2080.5118,331.099,1106.6718,77.98527845,266.54867888,3093.2,10710.1,2689.7084378726,9890.1006720037,49843.1,6372.7,8396.5,2094.9,3034.1,14073.6,36083.5
厦门市,3502,2024,True,641.0,463.0,72.2,184.34,2639.67723067,30.7,22.0,619.0,19.0,444.0,22.66,161.68,41.66,605.68,17.4,111.0,13.12327205,58.33462334,425.7,2346.4,417.696727572,2221.980503098,8589.01,933.2,1059.2,423.7,868.6,2827.13,9326.12
吉林省,22,2024,True,741.0,739.4989,99.8,894.043,9993.4128072952,69.6,204.0,537.0,202.4989,537.0,208.205,685.838,410.7039,1222.838,212.63,297.2506,143.906176,151.99688700000002,4629.58,6461.09,4584.4656629016,5408.9471443936,14361.22,1191.3865,4672.9378,494.9047,1152.5,4295.94,1764.1
四川省,51,2024,True,2538.0,2530.9445,99.7,2548.2504,24028.8645867229,37.1,381.0,2157.0,373.9445,2157.0,687.7387,1860.5117,1061.6832,4017.5117,602.4005,717.102,256.890955985,431.76768399,8301.4,18601.3,8074.3146867229,15954.5499,64697.0,5635.0849,13445.3325,3760.9712,6036.3116,27415.0,10457.2
大连市,2102,2024,True,499.0,184.0,36.9,288.69129999999996,3173.8505300429997,33.3,20.0,479.0,17.0,167.0,103.5204,185.1709,120.5204,352.1709,108.7263,87.5979,56.8468172,44.015916665,1683.19,1729.73,1670.9069621766,1502.9435678664,9516.9,774.8,1085.1,140.8,321.0,2085.9,4496.68
天津市,12,2024,True,3428.0,1035.025,30.2,2780.8199,13402.5368585831,74.4,404.0,3024.0,352.025,683.0,630.37,2150.4499,982.395,2833.4499,401.653,1130.51995,88.84183568,264.9355303225,3561.83,11512.3,3513.3684445831,9889.168414,18024.32,2134.1963,3627.181,3227.4969,2756.8833,0.0,8115.6
宁夏回族自治区,64,2024,True,120.0,122.344,102.0,338.75,2489.3285187890997,45.2,90.0,30.0,88.344,34.0,140.0328,198.7172,228.3768,232.7172,147.1334,67.9893,56.30796167,19.30256623,1840.2,1048.9,1766.425520203,722.9029985861,5502.76,516.59,1768.5,105.61,163.96,1422.58,206.13
宁波市,3302,2024,True,478.0,478.0,100.0,401.14639999999997,3997.3972670051,22.0,9.0,469.0,9.0,469.0,94.7734,306.373,103.7734,775.373,72.8909,57.365,41.80309016,69.61415133,1317.47,3232.88,1313.1227670051,2684.2745,18147.7,1790.47,2230.37,721.0,1166.32,5605.1,14202.5
安徽省,34,2024,True,1830.0,1821.5712,99.5,2271.7846,18527.15,36.6,136.0,1694.0,127.5712,1694.0,227.769,2044.0156,355.3402,3738.0156,169.0954,1118.3253,152.5768,372.3095,4884.88,15922.71,4804.41,13722.74,50625.0,4041.6394,8999.544,1982.7129,4020.1158,24087.7,8648.5
山东省,37,2024,True,3435.0,3431.5695,99.9,3058.4612,28428.8093980429,28.8,113.0,3322.0,109.5695,3322.0,638.4886,2419.9726,748.0581,5741.9726,576.555,1383.5850000048,218.696,579.6416,7044.4,23950.25,6912.49086261,21516.3185354329,98565.8,7711.74,13077.19,4832.12,9238.97,40059.2,4749.1
山西省,14,2024,True,834.0,831.1869,99.7,869.687,8279.5354564804,32.5,225.0,609.0,222.1869,609.0,303.201,566.486,525.3879,1175.486,311.2839,191.93,104.00776887,131.53680104,3509.35,5690.09,3404.5429544803,4874.9925020001,25494.68,3542.2398,6312.6744,520.0106,1224.4052,8180.5,1743.8
广东省,44,2024,True,4622.0,4621.2488,100.0,1212.8893,31811.567988385003,22.5,288.0,4334.0,287.2488,4334.0,488.9579,723.9314,776.2067,5057.9314,415.5376,787.2557,243.7983,676.5477,7985.80823162045,24156.9755066798,7854.15172008,23957.416268305,141633.81,13533.9828,17956.0571,3450.1745,8259.5411,45029.18,91126.4
广西壮族自治区,45,2024,True,1029.0,1053.5639,102.4,1212.4813,13146.5353402865,45.9,288.0,741.0,252.3639,801.2,313.9066,898.5747,566.2705,1699.7747,307.3168,377.6293,171.46488022,220.35042514,5700.45,8693.9,5557.2392796177,7589.2960606688,28649.4,1837.0,6180.0,899.04,1900.31,8151.65,7563.89
新疆生产建设兵团,66,2024,True,191.0,191.0,100.0,11.6356,1470.6923000000002,,80.0,111.0,80.0,111.0,11.1356,0.5,91.1356,111.5,11.2,0.0,21.1988,23.738,692.0,755.0,707.2204,763.4719,,,,,,,
新疆维吾尔自治区,65,2024,True,1980.0,1786.95,90.2,554.28,10898.1568788227,53.1,360.0,1620.0,277.95,1509.0,182.45,371.83,460.4,1880.83,261.1445,142.3,138.46079765,166.1300355,5445.91,7928.38,4245.418809621,6652.7380692017,20534.08,2144.6,6238.49,535.23,1602.87,3926.45,611.65
江苏省,32,2024,True,2579.0,2579.0,100.0,4627.69,28227.605435754,20.6,214.0,2365.0,214.0,2365.0,711.97,3915.72,925.97,6280.72,454.2,1256.3402,247.50805821,504.23598504,8531.28,25654.96,8137.4273107211,20090.1781250329,137008.0,10038.16,15293.5674,8097.0,9332.2968,47662.3,56177.0
江西省,36,2024,True,1830.0,1808.143,98.8,1611.5078,15053.6148512543,44.0,279.0,1551.0,257.143,1551.0,378.0233,1233.4845,635.1663,2784.4845,346.3075,732.9879,145.09,285.092596775,4778.45,11723.29,4639.7735114427,10413.8413398116,34202.5,3066.9,7695.3,1813.9,3165.5,12821.7,4707.5
河北省,13,2024,True,2009.0,2009.0,100.0,1313.42,20707.8991725011,43.6,460.0,1549.0,460.0,1549.0,413.24,900.18,873.24,2449.18,378.3888,656.303,232.40420745,382.919401,7718.44,14101.16,7435.0508414294,13272.8483310717,47526.9,4310.9,10326.7,1878.6,3385.2,15869.4,6150.0
河南省,41,2024,True,2230.0,2231.0737,100.0,2518.0564,21306.08,33.5,323.0,1907.0,324.0737,1907.0,420.2538,2097.8026,744.3275,4004.8026,404.4265,941.3288,198.744768,385.897724,6669.3,17328.4,6609.77,14696.31,63589.99,4392.7,11464.2,1858.2,3689.4,27596.69,8201.71
浙江省,33,2024,True,3089.0,3089.0,100.0,1670.4899999999998,23283.0898075402,25.8,279.0,2810.0,279.0,2810.0,375.87,1294.62,654.87,4104.62,288.8858,823.8662,214.10374368,441.62312264,6913.6,17997.8,6766.2388445599,16516.8509629803,90131.0,6917.1,10334.29,5447.85,7929.04,37708.0,52641.0
海南省,46,2024,True,753.0,752.8625,100.0,540.0841,4988.2963855368,62.9,124.0,629.0,123.8625,629.0,208.1366,331.9475,331.9991,960.9475,212.0979,193.6282,59.206911785,74.75891361,1978.91,3428.79,1921.655397344,3066.6409881928,7935.7,890.5,2293.2,407.7,1035.7,2405.6,2776.5
深圳市,4403,2024,True,760.0,760.0,100.0,218.5719,3449.81383,9.4,9.0,751.0,9.0,751.0,72.13,146.4419,81.13,897.4419,63.8,157.390745,3.823414,84.1818474035,197.7114,3332.4732,150.13,3299.68383,36801.87,3914.7906,4700.8609,474.9608,1367.6791,10637.7,45048.24
湖北省,42,2024,True,2033.0,2020.2758,99.4,2112.1657999999998,18586.1015596263,31.0,372.0,1661.0,359.2758,1661.0,387.9148,1724.251,747.1906,3385.251,324.7123,845.8274,183.55407219,333.76610637,6420.29,14952.4,6068.0757596263,12518.0258,60012.97,3938.0,9976.0,2879.8,4482.5,25276.7,7058.4
湖南省,43,2024,True,1722.0,1709.68,99.3,2543.0927,21246.8529577286,39.9,298.0,1424.0,285.68,1424.0,738.3954,1804.6973,1024.0754,3228.6973,693.111,538.099662,264.5994046154,343.5709689448,8537.02,15560.29,8381.7642597286,12865.088698,53231.0,3449.3,9536.3,1777.2,3212.0,20463.9,5636.6
甘肃省,62,2024,True,777.0,770.4982,99.2,709.0583,8312.993019417201,63.9,171.0,606.0,164.4982,606.0,179.5239,529.5344,344.0221,1135.5344,195.6229,71.1511,86.68697687,147.141928095,3009.16,6364.13,2884.7568815279,5428.2361378893,13002.9,1051.4,4781.7,343.0,1089.7,4505.3,615.4
福建省,35,2024,True,1988.0,1535.996,77.3,1306.6577,13664.369999999999,23.7,121.0,1867.0,114.996,1421.0,338.242,968.4157,453.238,2389.4157,303.8242,565.2115,113.1252,281.0075,3771.3811,11234.6189,3553.74,10110.63,57761.02,2681.94,5021.74,1515.34,2903.12,24370.76,19898.5
西藏自治区,54,2024,True,,403.0,,181.94,1226.120434,,,,50.0,353.0,34.99,146.95,84.99,499.95,33.5492,7.0,13.94,8.2065,,,486.855434,739.265,,,,,,,
贵州省,52,2024,True,573.0,682.0592,119.0,2888.5193,17537.08876317,77.4,143.0,430.0,127.9396,554.1196,1133.6297,1754.8896,1261.5693,2309.0092,814.7451,344.4274,272.812571975,242.373190065,9002.17,11359.38,8679.1559691643,8857.9327940057,22667.12,2170.0,6524.74,2315.28,2891.55,9342.38,862.4
辽宁省,21,2024,True,283.0,283.0,100.0,1537.1879,10842.3293528631,33.2,80.0,203.0,80.0,203.0,681.215,855.9729,761.215,1058.9729,743.933,189.664,199.248066075,128.14007033,6353.94,6160.63,6236.7887488278,4605.5406040353,32612.7,2906.9,6860.0,501.3,954.2,10778.3,7630.5
重庆市,50,2024,True,1315.0,1313.256,99.9,2005.528,14425.3628986528,44.8,110.0,1205.0,108.256,1205.0,390.528,1615.0,498.784,2820.0,353.92,795.0,117.6193722,293.702607225,3911.6,12079.4,3856.2628986528,10569.1,32193.15,2595.0,5621.0,1723.0,3012.0,15677.37,1005.13
陕西省,61,2024,True,1135.3419,1135.3419,100.0,1201.0347000000002,12575.4954224307,35.4,281.3419,854.0,281.3419,854.0,349.3754,851.6593,630.7173,1705.6593,317.9508,295.5218,161.10569751,201.864234595,5418.94,8734.51,5183.1202454166,7392.3751770141,35538.77,3393.28,7297.73,1671.6,2673.95,10935.96,4540.74
青岛市,3702,2024,True,638.0,638.0,100.0,335.81,4382.5707018207,26.2,57.0,581.0,57.0,581.0,99.41,236.4,156.41,817.4,87.5424,123.5448,35.05866873,86.48355915,1146.45,3579.5,1145.5954018207,3236.9753,16719.46,1339.26,1720.42,299.02,861.92,6584.5,9076.7
青海省,63,2024,True,210.0,193.857,92.3,280.746,3573.4442027746,90.4,166.0,44.0,149.857,44.0,194.3687,86.3773,344.2257,130.3773,210.7821,27.6031,82.7537252,27.325199395,2716.5,1079.4,2670.1309027746,903.3133,3950.79,370.54,2164.94,64.49,151.87,981.3,60.0
黑龙江省,23,2024,True,670.0,670.0,100.0,937.5,9627.5495775663,58.4,325.0,345.0,325.0,345.0,218.333,719.167,543.333,1064.167,229.8117,243.4082,181.3808022804,103.4838437402,5664.430192,4992.976241,5632.9519502982,3994.5976272681,16476.9,1452.3421,6454.5393,167.1989,537.859,5738.9,3122.8
上海市,31,2025,False,1386.0,1531.0,110.5,882.1,10420.11,18.4,231.0,1155.0,231.0,1300.0,578.1,304.0,809.1,1604.0,544.8,539.0,118.43038324,157.959021285,4465.2,6981.0,4211.01,6209.1,56708.71,,,,,16600.93,45103.4
云南省,53,2025,False,1172.0,1161.4778000000001,99.1,2178.949,18320.68,55.9,217.0,955.0,206.4778,955.0,876.6135,1302.3355,1083.0913,2257.3355,893.7661,445.39,220.60669783,281.70276315,7705.96,11916.39,7400.36,10920.32,32765.78,,,,,12786.21,2737.36
内蒙古自治区,15,2025,False,650.0,635.1753,97.7,1968.2577,13263.41,49.7,289.0,361.0,274.1753,361.0,1207.621,760.6367,1481.7963,1121.6367,1258.8633,191.2943,246.46544698,137.425965535,8471.49,5749.61,8157.04,5106.37,26710.343,3005.2438,6634.4316,458.2624,1211.3064,5375.516,2206.7
北京市,11,2025,False,1415.0,1560.0,110.2,2021.1864,13934.2310100357,26.8,182.0,1233.0,182.0,1378.0,472.4249,1548.7615,654.4249,2926.7615,415.9099,1810.4086,79.18061494,274.96492568,3181.2,11849.1,2927.7774380357,11006.453572,52073.4,6680.6,8401.09,2193.9,3217.0,13677.0,31929.72
厦门市,3502,2025,False,488.0,488.0,100.0,119.76820000000001,3197.69,35.6,20.0,468.0,20.0,468.0,21.8534,97.9148,41.8534,565.9148,8.726,41.0164,13.31925405,70.43731484,455.7,2814.4,450.82,2746.87,8980.37,,,,,3448.6,9600.2
四川省,51,2025,False,2699.0,2846.1234,105.5,2431.17,28014.98397,41.4,433.0,2266.0,430.1234,2416.0,919.8056,1511.3644,1349.929,3927.3644,908.6516,382.4198,256.057955265,512.39580146,8739.4,20896.3,8515.48947,19499.4945,67665.34,5853.9,13697.6,3789.3,5918.6,29135.4,10318.1
大连市,2102,2025,False,298.0,298.0,100.0,393.3373,3561.2328506546,35.6,19.0,279.0,19.0,279.0,229.6061,163.7312,248.6061,442.7312,238.6875,65.1222,54.76898295,49.18289969,1711.19,2005.73,1680.7601050669,1880.4727455877,10002.1,,,,,2180.8,0.0
天津市,12,2025,False,979.0,933.5393,95.4,1481.6121,15099.873254582899,81.4,269.0,710.0,264.3393,669.2,313.1791,1168.433,577.5184,1837.633,308.493,409.97235,97.12345237,295.8388122875,3847.83,12198.3,3783.0441905829,11316.829064,18539.82,,,,,0.0,8358.7
宁夏回族自治区,64,2025,False,372.0,372.0,100.0,336.41999999999996,2985.12,52.4,98.0,274.0,98.0,274.0,161.2,175.22,259.2,449.22,170.0926,40.3465,55.36298539,22.93680236,1923.2,1306.9,1853.34,1131.78,5696.49,,,,,1449.1,209.93
宁波市,3302,2025,False,,609.0,,560.2331,4854.4999514178,,,,16.0,593.0,249.3248,310.9083,265.3248,903.9083,228.5379,83.26,41.30144099,86.73101783,,,1349.5771514178,3504.9228,,,,,,,
安徽省,34,2025,False,1930.0,1899.78,98.4,2059.5393,21400.4,40.4,170.0,1760.0,139.78,1760.0,620.6269,1438.9124,760.4069,3198.9124,621.2466,475.4387,153.8613,414.7929,5102.88,17598.71,4953.63,16446.77,52989.5,4157.37,9117.04,1629.14,3999.34,23863.1,10135.6
山东省,37,2025,False,3471.0,3666.6798,105.6,1867.2165999999997,33282.6263926685,,150.0,3321.0,145.6798,3521.0,522.6301,1344.5865,668.3099,4865.5865,459.9568,216.0757,215.12047512,683.378595755,7246.4,27417.25,7116.8984995665,26165.727893102,,,,,,,
山西省,14,2025,False,902.0,895.9092,99.3,1017.9551,9643.17,37.8,238.0,664.0,231.9092,664.0,516.5624,501.3927,748.4716,1165.3927,460.7668,90.79,103.88990855,156.16901266,3810.35,6371.09,3693.66,5949.51,25495.67,3218.7338,6055.032,461.9078,1332.1185,8030.9,1372.4
广东省,44,2025,False,,5065.7049,,1411.9877000000001,36967.3216869646,,,,305.7049,4760.0,987.5675,424.4202,1293.2724,5184.4202,902.3619,416.5113,246.532928335,758.07028628,,,8242.3997308188,28724.9219561458,,,,,,,
广西壮族自治区,45,2025,False,1110.0,1075.8164,96.9,1177.3,14752.59,,303.0,807.0,268.8164,807.0,532.03,645.27,800.8464,1452.27,538.0075,120.9336,169.183246475,251.97177067,6029.45,9484.9,5841.35,8911.24,,,,,,,
新疆生产建设兵团,66,2025,False,211.0,211.0,100.0,14.0922,1682.9845,,80.0,131.0,80.0,131.0,13.5322,0.56,93.5322,131.56,12.8,0.0,22.76214317,26.96137512,772.0,886.0,787.9526,895.0319,,,,,,,
新疆维吾尔自治区,65,2025,False,,1763.18,,351.72999999999996,12839.086939967601,,,,299.0,1464.18,89.96,261.77,388.96,1725.95,123.0,45.1,137.1634964,208.2395685,,,4505.4988707659,8333.5880692017,,,,,,,
江苏省,32,2025,False,,3101.0,,4291.85,33927.542849118705,23.8,,,316.0,2785.0,1013.75,3278.1,1329.75,6063.1,927.6471,763.839,249.786263935,618.683366905,,,8538.1037240861,25389.4391250326,142351.5,,,,,46394.2,59516.1
江西省,36,2025,False,1872.0,1847.1494,98.7,1203.9295,17422.2133798515,48.4,310.0,1562.0,285.1494,1562.0,465.25,738.6795,750.3994,2300.6795,493.5266,196.4129,146.423899035,328.036784025,5108.45,13209.29,4904.1547969596,12518.0585828919,36020.0,3079.0718,7428.4538,1592.669,3080.8149,13422.7,4823.0
河北省,13,2025,False,2706.0,2706.0,100.0,1388.24,23658.29,48.0,529.0,2177.0,529.0,2177.0,493.21,895.03,1022.21,3072.03,436.82,694.325,236.60977317,424.6034454,8225.44,16196.16,8013.57,15644.72,49305.2,4398.741,10240.9968,1840.6615,3916.3016,15483.2,6822.2
浙江省,33,2025,False,3229.0,3429.0,106.2,1624.4414,27218.620000000003,28.8,309.0,2920.0,309.0,3120.0,502.9276,1121.5138,811.9276,4241.5138,431.9744,685.5255,214.247,509.5632,7268.6,21000.8,7145.79,20072.83,94545.0,,,,,39216.0,55461.0
海南省,46,2025,False,682.0,680.9279,99.8,555.4996000000001,5783.1296111928,0.4,144.0,538.0,142.9279,538.0,261.189,294.3106,404.1169,832.3106,274.5817,164.3901,59.34039166,92.2551,2112.91,3946.79,2048.568123,3734.5614881928,1401879.0,903.7,2344.5,349.0,997.8,454685.0,454685.0
深圳市,4403,2025,False,881.0,991.0,112.5,184.3155,4492.297455,11.6,15.0,866.0,15.0,976.0,83.6,100.7155,98.6,1076.7155,34.0,98.831875,3.6652905,100.652679187,244.71,4312.47,214.73,4277.567455,38731.8,4163.9824,4502.6724,666.9629,1615.8631,10259.93,45533.89
湖北省,42,2025,False,,2295.6531,,2197.5135,21620.68,,,,423.6531,1872.0,518.8789,1678.6346,942.532,3550.6346,551.0285,909.9774,183.39180062,389.71510122,,,6462.01,15158.67,,,,,,,
湖南省,43,2025,False,1823.0,1801.6506,98.8,2745.8406,24289.0251283479,,358.0,1465.0,336.6507,1464.9999,1177.3628,1568.4778,1514.0135,3033.4777,1174.2814000003,335.856158,264.0546423704,400.4837726412,8917.02,16999.29,8726.3148883479,15562.71024,,3507.7,9531.0,1793.1,3468.8,,
甘肃省,62,2025,False,839.0,829.0591,98.8,817.6555999999999,9524.630000000001,69.5,186.0,653.0,176.0591,653.0,242.4969,575.1587,418.556,1228.1587,258.9142,179.9483,87.56422617,174.110014605,3174.16,7005.13,3048.26,6476.37,13697.5,,,,,4237.6,711.7
福建省,35,2025,False,1643.0,1641.96,99.9,1094.7654,15721.1,26.1,138.0,1505.0,136.96,1505.0,271.9147,822.8507,408.8747,2327.8507,254.8306,421.7264,110.97879129,320.25747022,3860.38,12650.62,3704.34,12016.76,60199.45,2762.44,5068.05,1362.67,3176.14,25433.59,18826.99
辽宁省,21,2025,False,657.0,657.0,100.0,1662.7727,12129.0797034141,36.6,95.0,562.0,95.0,562.0,946.2907,716.482,1041.2907,1278.482,992.5051,37.9102,187.97257129,153.3447278,6451.94,6732.63,6283.2988544069,5845.7808490072,33182.9,,,,,10371.3,7485.6
重庆市,50,2025,False,1565.0,1653.1399999999999,105.6,1732.5346,16781.7943708947,,145.0,1420.0,143.14,1510.0,786.7736,945.761,929.9136,2455.761,826.47,199.86,115.11585762,334.0538,4076.6,13604.4,3956.7933708947,12825.001,,,,,,,
陕西省,61,2025,False,1259.0,1250.0810999999999,99.3,1330.1669,14343.150000000001,39.2,319.0,940.0,310.0811,940.0,462.5922,867.5747,772.6733,1807.5747,426.8331,372.1696,161.54931915,236.23549189,5749.94,9615.51,5522.88,8820.27,36551.1,3289.4427,7092.8183,2137.18,2096.66,11587.99,5379.75
青岛市,3702,2025,False,,,,,,,,,,,,,,,,,,,,,,,,1340.72,1718.52,324.65,956.39,,
青海省,63,2025,False,242.0,236.8555,97.9,285.4309,3826.57,,171.0,71.0,179.6555,57.2,208.8807,76.5502,388.5362,133.7502,223.187,46.0,82.90727491,29.588278,2885.5,1140.4,2835.51,991.06,,,,,,,
黑龙江省,23,2025,False,732.0,732.0,100.0,1041.3047,10819.5417111483,64.1,342.0,390.0,342.0,390.0,398.7543,642.5504,740.7543,1032.5504,406.7375,153.571,188.0948696204,124.8720489152,6025.43,5381.98,5953.216132623,4866.3255785253,16878.0,,,,,5622.1,3125.9
重庆市,50,2026,False,,,,,,,,,,,,,,,,,,,,,,,33757.93,,,,,16688.5,8006.78
